book,label,bid,authors,publishers,printers,place,year,num_pages,year_interval,place_category
http://sphaera.mpiwg-berlin.mpg.de/id/item/83a6cdfa-6767-45ce-a8c2-1ffa7b63e2c5,Opus sphericum magistri Ioannis de Sacro busto,2118,"Sacrobosco, Johannes de",Company Heirs of Heinrich Quentell,Company Heirs of Heinrich Quentell,Cologne,1503,74,1490-1509,Medium Center
http://sphaera.mpiwg-berlin.mpg.de/id/item/8a20cc2f-df68-4d63-aebf-4c6f0b8f965b,Introductorium compendiosum in Tractatum spere Materialis magistri Joannis de sacrobusto,1860,"John of Glogów;Sacrobosco, Johannes de","Haller, Jan","Ungler, Florian",Kraków,1513,159,1510-1529,Small Center
http://sphaera.mpiwg-berlin.mpg.de/id/item/a094f382-2ad5-4beb-8279-2573d83f91a0,Sphaera Iani de Sacrobusto,1772,"Sacrobosco, Johannes de;Apianus, Petrus","Apianus, Petrus","Apianus, Petrus",Ingolstadt,1526,56,1510-1529,One Book Center
http://sphaera.mpiwg-berlin.mpg.de/id/item/57c8bb3e-1527-4f9a-aabb-4578b652612f,"Quaestiones novae, in libellum de Sphaera Iohannis de Sacro Busto",2117,"Sacrobosco, Johannes de;Beyer, Hartmann","Braubach, Peter","Braubach, Peter",Frankfurt (Main),1549,176,1530-1549,Medium Center
http://sphaera.mpiwg-berlin.mpg.de/id/item/55b5e177-4298-4623-a847-9ba5224147e9,Sphaera Mundi,1865,"Sacrobosco, Johannes de","Cammerlander, Jacob","Cammerlander, Jacob",Strasbourg,1539,78,1530-1549,Small Center
http://sphaera.mpiwg-berlin.mpg.de/id/item/5878e7ce-acc2-414c-ad3d-2a4489a1388c,La sphere du monde,2076,"Piccolòmini, Alessandro","Cavellat, Guillaume","Cavellat, Guillaume",Paris,1550,286,1550-1569,Large Center
http://sphaera.mpiwg-berlin.mpg.de/id/item/5bacd108-d018-4f6b-bf7d-1e9410f64544,"Ioannis de Sacro-Busto libellus, de sphaera",1886,"Sacrobosco, Johannes de;Melanchthon, Philipp","Klug, Joseph","Klug, Joseph",Wittenberg,1540,104,1530-1549,Large Center
http://sphaera.mpiwg-berlin.mpg.de/id/item/79c8f7f0-79ca-40fa-8732-1de6309a344f,Novae quaestiones sphaerae,2162,"Dietrich, Sebastian","Krafft the Elder, Johann","Krafft the Elder, Johann",Wittenberg,1578,342,1570-1589,Large Center
http://sphaera.mpiwg-berlin.mpg.de/id/item/7b90a45a-ac31-4c69-bd33-fe352b3dc2ee,The Arte of Navigation,2078,"Cortés, Martin","Jugge, Richard","Jugge, Richard",London,1561,94,1550-1569,Medium Center
http://sphaera.mpiwg-berlin.mpg.de/id/item/7e393498-6bab-4f25-9112-b48a464621dc,Sphaera Ioannis de Sacro Bosco,1912,"Valeriano, Pierio;Giuntini, Francesco;Sacrobosco, Johannes de;Nunes, Pedro;Vinet, Élie",Company Heirs of Jacopo Giunta,"Barbier, Symphorien",Lyon,1564,238,1550-1569,Medium Center
http://sphaera.mpiwg-berlin.mpg.de/id/item/74cfc312-00b9-4b23-a65b-17568fb30ead,Sphaera Iohannis De Sacrobosco,2198,"Sacrobosco, Johannes de","Richard, Jean","Nutius I., Martinus",Antwerp,1547,78,1530-1549,Medium Center
http://sphaera.mpiwg-berlin.mpg.de/id/item/5e2bde7f-9df0-4bd2-9c00-4a00731f7db4,La Sphera de Iuan de Sacrobosco,2197,"Sáenz de Santayana y Espinosa, Rodrigo;Sacrobosco, Johannes de","Corcuera, Pedro de","Ghemart, Adrián",Valladolid,1568,178,1550-1569,Small Center
http://sphaera.mpiwg-berlin.mpg.de/id/item/7eb8f8d6-8cf0-4e2e-afdd-e8e31dbb818c,Ioannis de Sacro Busto libellus de sphaera,1888,"Melanchthon, Philipp;Sacrobosco, Johannes de","Seitz, Peter I.","Seitz, Peter I.",Wittenberg,1543,246,1530-1549,Large Center
http://sphaera.mpiwg-berlin.mpg.de/id/item/85c0a807-e1d3-4484-beb4-7917fb20fc04,"Elementa doctrinae de circulis coelestibus, et primo motu",2165,"Peucer, Kaspar","Krafft the Elder, Johann","Krafft the Elder, Johann",Wittenberg,1553,330,1550-1569,Large Center
http://sphaera.mpiwg-berlin.mpg.de/id/item/861d1018-f713-4971-82a8-3e315632f4af,Annotationi sopra la lettione della spera del Sacro Bosco,1699,"Sacrobosco, Johannes de;Mauro da Firenze","Torrentino, Lorenzo","Torrentino, Lorenzo",Florence,1550,220,1550-1569,Small Center
http://sphaera.mpiwg-berlin.mpg.de/id/item/80386c4d-822d-45f4-93e1-8f92d8b5d0a5,"De sphaera, sive de astronomiae et geographiae principiis Cosmographica",1840,"Dodoens, Rembert","Plantin, Christophe","Plantin, Christophe",Antwerp,1584,113,1570-1589,Medium Center
http://sphaera.mpiwg-berlin.mpg.de/id/item/81be1fcd-f929-4b5f-ab19-9fa75ef00aef,La sphere de Iean de Sacrobosco,1733,"Sacrobosco, Johannes de;Des Bordes, Guillaume",Company Guillaume Cavellat & Jérôme de Marnef,Company Guillaume Cavellat & Jérôme de Marnef,Paris,1576,61,1570-1589,Large Center
http://sphaera.mpiwg-berlin.mpg.de/id/item/8468d60b-42ec-43d4-b8a9-e973e103d999,Sphaera Ioannis de Sacrobvsto,2106,"Sacrobosco, Johannes de",Company Heirs of Melchiorre Sessa I.,Company Heirs of Melchiorre Sessa I.,Venice,1561,64,1550-1569,Large Center
http://sphaera.mpiwg-berlin.mpg.de/id/item/89bf22be-dc4f-4589-bbfe-659532c699df,Novae quaestiones sphaerae,2157,"Dietrich, Sebastian","Krafft the Elder, Johann","Krafft the Elder, Johann",Wittenberg,1570,342,1570-1589,Large Center
http://sphaera.mpiwg-berlin.mpg.de/id/item/85bb285e-f1d2-4c48-a3f5-8edba872514d,Novae quaestiones sphaericae,2163,"Dietrich, Sebastian","Welack, Matthaeus","Welack, Matthaeus",Wittenberg,1591,342,1590-1609,Large Center
http://sphaera.mpiwg-berlin.mpg.de/id/item/8d1b434a-86de-4d3f-8c41-f29f990b9c0a,Alexandri Picolhominei de sphaera,1920,"Piccolòmini, Alessandro","Perna, Pietro","Perna, Pietro",Basel,1568,345,1550-1569,Small Center
http://sphaera.mpiwg-berlin.mpg.de/id/item/8d4fe115-efd8-424f-9ad4-bd49874418a2,"Elementa doctrinae de circulis coelestibus, et primo motu",2167,"Peucer, Kaspar","Krafft the Elder, Johann","Krafft the Elder, Johann",Wittenberg,1569,374,1550-1569,Large Center
http://sphaera.mpiwg-berlin.mpg.de/id/item/8f0dc956-fe5e-4a22-ac61-eb1081825f0f,"Erasmi Osvvaldi Schreckenfuchsii Commentaria, in Sphaeram Ioannis de",1943,"Sacrobosco, Johannes de;Regiomontanus, Johannes;Schreckenfuchs, Erasmus Oswald","Petri, Heinrich","Petri, Heinrich",Basel,1569,337,1550-1569,Small Center
http://sphaera.mpiwg-berlin.mpg.de/id/item/8f5ac367-1764-4f50-9397-2948a6166294,Quaestiones novae in libellum de sphaera Johannis de Sacro Bosco,1594,"Sacrobosco, Johannes de;Beyer, Hartmann",Company Heirs of Peter I. Seitz,Company Heirs of Peter I. Seitz,Wittenberg,1550,182,1550-1569,Large Center
http://sphaera.mpiwg-berlin.mpg.de/id/item/9011fc1d-f901-46ea-a6cf-42835468f61e,Quaestiones in libellum de sphaera Ioannis de Sacro Busto,1862,"Beyer, Hartmann;Sacrobosco, Johannes de","Braubach, Peter","Braubach, Peter",Frankfurt (Main),1563,337,1550-1569,Medium Center
http://sphaera.mpiwg-berlin.mpg.de/id/item/9068ad64-dad1-4e86-a6fd-3184c86f7dfe,Novae quaestiones sphaerae,2158,"Dietrich, Sebastian","Krafft the Elder, Johann","Krafft the Elder, Johann",Wittenberg,1567,340,1550-1569,Large Center
http://sphaera.mpiwg-berlin.mpg.de/id/item/910f2ca0-5cad-4cd5-aae6-f15a45d7108c,Sphaera Ioannis de Sacrobusto,1729,"Sacrobosco, Johannes de",Company Heirs of Melchiorre Sessa I.,Company Heirs of Melchiorre Sessa I.,Venice,1572,33,1570-1589,Large Center
http://sphaera.mpiwg-berlin.mpg.de/id/item/915c0040-e374-46d0-b3a7-91e4024100e0,Sphaera Ioannis de Sacro Bosco,1855,"Giuntini, Francesco;Sacrobosco, Johannes de;Vinet, Élie","Tinghi, Philippe","Tinghi, Philippe",Lyon,1578,111,1570-1589,Medium Center
http://sphaera.mpiwg-berlin.mpg.de/id/item/91b0e7e6-cdc0-44bf-abc4-fa66a877df66,Quaestiones in libellum de sphaera Ioannis de Sacro Busto,2105,"Beyer, Hartmann;Sacrobosco, Johannes de","Braubach, Peter","Braubach, Peter",Frankfurt (Main),1560,346,1550-1569,Medium Center
http://sphaera.mpiwg-berlin.mpg.de/id/item/962df230-6d14-475a-b1f7-dbefc811dd73,"Liber Ioannis de Sacro Busto, de sphaera",1882,"Sacrobosco, Johannes de;Melanchthon, Philipp","Klug, Joseph","Klug, Joseph",Wittenberg,1536,88,1530-1549,Large Center
http://sphaera.mpiwg-berlin.mpg.de/id/item/966c6c30-4d32-45f8-b5db-a0cf29182b5e,Quæstiones novae in libellum de sphæra Ioannis de Sacro Bosco,1789,"Sacrobosco, Johannes de;Beyer, Hartmann","Cavellat, Guillaume","Cavellat, Guillaume",Paris,1569,75,1550-1569,Large Center
http://sphaera.mpiwg-berlin.mpg.de/id/item/989292a8-8b9b-4770-afa6-f020c4d53ece,La sfera di messer Giovanni Sacrobosco,1835,"Sacrobosco, Johannes de;Danti, Egnatio;Danti, Piervincenzo",Company Filippo Giunta & Jacopo Giunta,"Giunta, Jacopo",Florence,1571,86,1570-1589,Small Center
http://sphaera.mpiwg-berlin.mpg.de/id/item/9aaa7214-18b1-4d90-bb4f-a71302baf49b,"Fr. Iunctini Florentini, Commentaria in Sphaeram Ioannis de Sacro Bosco",2203,"Giuntini, Francesco;Sacrobosco, Johannes de","Tinghi, Philippe","Tinghi, Philippe",Lyon,1577,617,1570-1589,Medium Center
http://sphaera.mpiwg-berlin.mpg.de/id/item/9a5675f7-c481-4cf2-859b-076f26211664,Ioannis de Sacro Bosco Sphaera mundialis,1681,"Sacrobosco, Johannes de","Chaudière, Regnault","Chaudière, Regnault",Paris,1538,36,1530-1549,Large Center
http://sphaera.mpiwg-berlin.mpg.de/id/item/9b9b678f-3257-48fb-9306-85d960e15f74,Sphaera Ioannis de Sacrobusto,2219,"Sacrobosco, Johannes de","Sessa I., Melchiorre","Nicolini da Sabbio, Cornelio",Venice,1552,73,1550-1569,Large Center
http://sphaera.mpiwg-berlin.mpg.de/id/item/9f259c59-a6e8-4156-a6c4-937b1931de7d,La sphera de Iuã de Sacro Bosco,1727,"Sacrobosco, Johannes de;Sáenz de Santayana y Espinosa, Rodrigo","Ghemart, Adrián","Ghemart, Adrián",Valladolid,1567,176,1550-1569,Small Center
http://sphaera.mpiwg-berlin.mpg.de/id/item/a1148505-b187-4f07-9a79-8f40827b797c,"Elementa doctrinae de circulis coelestibus, et primo motu",2168,"Peucer, Kaspar","Krafft the Elder, Johann","Krafft the Elder, Johann",Wittenberg,1558,330,1550-1569,Large Center
http://sphaera.mpiwg-berlin.mpg.de/id/item/a1254758-675b-44ea-b676-29301d23b463,La sfera di M. Giovanni di Sacrobosco,1836,"Sacrobosco, Johannes de;Danti, Piervincenzo","Rastelli, Giovanni Bernardino","Rastelli, Giovanni Bernardino",Perugia,1574,71,1570-1589,Small Center
http://sphaera.mpiwg-berlin.mpg.de/id/item/bcda727a-e200-4234-b3fa-f9915fc6cf1b,"Quaestiones novae, in libellum de Sphaera Iohannis de Sacro Busto",1779,"Sacrobosco, Johannes de;Beyer, Hartmann","Braubach, Peter","Braubach, Peter",Frankfurt (Main),1549,178,1530-1549,Medium Center
http://sphaera.mpiwg-berlin.mpg.de/id/item/bdb226d7-e3f4-471a-9f99-e64dc39b8677,Ioannis de Sacrobusto de sphaera liber,1887,"Melanchthon, Philipp;Sacrobosco, Johannes de","Loys, Jean","Loys, Jean",Paris,1542,53,1530-1549,Large Center
http://sphaera.mpiwg-berlin.mpg.de/id/item/bed1f203-b860-436f-bcdf-37c2df71fb4b,Sphaera Ioannis de Sacrobosco,1688,"Sacrobosco, Johannes de;Melanchthon, Philipp","Richard, Guillaume","Loys, Jean",Paris,1545,110,1530-1549,Large Center
http://sphaera.mpiwg-berlin.mpg.de/id/item/bf7571ff-dfd8-4fc6-a910-557b281ff085,Sphaera Ioannis de Sacrobosco,1934,"Sacrobosco, Johannes de","Richard, Jean","Richard, Jean",Antwerp,1551,78,1550-1569,Medium Center
http://sphaera.mpiwg-berlin.mpg.de/id/item/c125b0ab-37ad-4e9c-8be0-176c3d4c0efc,Sphaera Ioannis de Sacrobosco,1961,"Sacrobosco, Johannes de;Vinet, Élie;Nunes, Pedro;Hero, Albertus;Valeriano, Pierio","Cholinus, Goswin","Cholinus, Goswin",Cologne,1591,217,1590-1609,Medium Center
http://sphaera.mpiwg-berlin.mpg.de/id/item/c1dc7411-871d-4821-acbd-e045e5b233da,Sphaera Ioannis de Sacro Bosco,1969,"Valeriano, Pierio;Sacrobosco, Johannes de;Vinet, Élie;Nunes, Pedro","Cavellat, Guillaume","Cavellat, Guillaume",Paris,1562,206,1550-1569,Large Center
http://sphaera.mpiwg-berlin.mpg.de/id/item/c16e63d0-c65b-45e6-8aa8-8b8b588ced22,Quaestiones novae in libellum de sphaera Ioannis de Sacro Bosco,1782,"Sacrobosco, Johannes de;Beyer, Hartmann","Cavellat, Guillaume","Cavellat, Guillaume",Paris,1552,153,1550-1569,Large Center
http://sphaera.mpiwg-berlin.mpg.de/id/item/c2ed439a-fc1f-4255-b80f-025659dc5f5a,Sphaera Ioannis de Sacro Bosco,1974,"Valeriano, Pierio;Sacrobosco, Johannes de;Vinet, Élie;Nunes, Pedro",Company Guillaume Cavellat & Jérôme de Marnef,Company Guillaume Cavellat & Jérôme de Marnef,Paris,1569,192,1550-1569,Large Center
http://sphaera.mpiwg-berlin.mpg.de/id/item/c3238180-5142-4efa-b8e2-9baa0956e9c0,La sfera del mondo di M. Alessandro Piccolomini,2069,"Piccolòmini, Alessandro",Company Giovanni Varisco & Paganino Paganini,Company Giovanni Varisco & Paganino Paganini,Venice,1584,260,1570-1589,Large Center
http://sphaera.mpiwg-berlin.mpg.de/id/item/c5a7404b-526c-4b51-ae9b-01d4f67171ff,Sphaera Ioannis de Sacro Bosco,1711,"Sacrobosco, Johannes de;Vinet, Élie;Nunes, Pedro;Valeriano, Pierio","Cavellat, Guillaume","Cavellat, Guillaume",Paris,1557,194,1550-1569,Large Center
http://sphaera.mpiwg-berlin.mpg.de/id/item/c7dc9e23-0f0e-4ef6-b37e-d3372fd1bcef,"Elementa doctrinae de circulis coelestibus, & primo motu",2166,"Peucer, Kaspar","Lufft, Hans","Lufft, Hans",Wittenberg,1563,329,1550-1569,Large Center
http://sphaera.mpiwg-berlin.mpg.de/id/item/c9c72315-cedd-4320-8215-1dc6f8a3f028,Mundialis sphere opusculum Ioannis de sacro busto,1670,"Sacrobosco, Johannes de","Chaudière, Regnault","Chaudière, Regnault",Paris,1527,32,1510-1529,Large Center
http://sphaera.mpiwg-berlin.mpg.de/id/item/cde27c39-aaa4-4b0c-9c32-38a72cf5119b,Sphaera Iohannis de Sacrobosco,1692,"Sacrobosco, Johannes de","Waen, Jan","Nutius I., Martinus",Leuven,1547,79,1530-1549,One Book Center
http://sphaera.mpiwg-berlin.mpg.de/id/item/cf2b243d-dae0-47d2-8791-e9fc7b407ff1,Sphaera Ioannis de Sacro Bosco,1964,"Sacrobosco, Johannes de;Vinet, Élie;Nunes, Pedro;Valeriano, Pierio","Cavellat, Guillaume","Cavellat, Guillaume",Paris,1558,196,1550-1569,Large Center
http://sphaera.mpiwg-berlin.mpg.de/id/item/d28d3d5f-2382-46f5-b06a-4ada3ec915c5,Della Sfera del Mondo di M. Alisandro Piccolomini,2068,"Piccolòmini, Alessandro","Cesano, Bartolomeo","Cesano, Bartolomeo",Venice,1553,382,1550-1569,Large Center
http://sphaera.mpiwg-berlin.mpg.de/id/item/d4df40f1-2b83-477b-8f25-ecf14cfc2537,"De la Sfera del Mondo, di Alisandro Piccolomini",2071,"Piccolòmini, Alessandro",Company Giovanni Varisco & compagni,Company Giovanni Varisco & compagni,Venice,1559,366,1550-1569,Large Center
http://sphaera.mpiwg-berlin.mpg.de/id/item/d61d5777-ff80-4f83-8ac0-6bf87902246c,Quaestiones in libellum De sphaera Ioannis de Sacro Busto,1781,"Beyer, Hartmann;Sacrobosco, Johannes de","Braubach, Peter","Braubach, Peter",Frankfurt (Main),1552,302,1550-1569,Medium Center
http://sphaera.mpiwg-berlin.mpg.de/id/item/ddfe8ae6-705c-4a17-a32b-f0b4c9b1d0f5,Opusculum Iohannis de sacro busto sphericum,2152,"Sacrobosco, Johannes de","Quentell, Heinrich","Quentell, Heinrich",Strasbourg,1500,78,1490-1509,Small Center
http://sphaera.mpiwg-berlin.mpg.de/id/item/e0463511-5184-485b-b743-41e6beba6655,Sphera del mundo,1802,"Sacrobosco, Johannes de;Chaves, Jerónimo de","León, Juan de","León, Juan de",Seville,1545,217,1530-1549,Small Center
http://sphaera.mpiwg-berlin.mpg.de/id/item/e0cceec0-219c-4e47-8b10-fdfcecd7dc92,Liber Ioannis de Sacro Bvsto de sphaera,1881,"Sacrobosco, Johannes de;Melanchthon, Philipp","Sessa I., Melchiorre",Company Giovanni Antonio Nicolini da Sabbio & brothers,Venice,1534,75,1530-1549,Large Center
http://sphaera.mpiwg-berlin.mpg.de/id/item/e2f49856-fc05-4e39-bda1-9e067fb77e38,In Sphaeram Ioannis de Sacro Bosco. Commentarius,1746,"Clavius, Christoph;Sacrobosco, Johannes de",Brothers Gabiano,"Julliéron, Guichard",Lyon,1593,606,1590-1609,Medium Center
http://sphaera.mpiwg-berlin.mpg.de/id/item/e3326d18-38d0-45d3-b1f5-a58bee84a724,Sphaera Ioannis de Sacro Bosco,1708,"Sacrobosco, Johannes de;Vinet, Élie;Nunes, Pedro;Valeriano, Pierio","Cavellat, Guillaume","Cavellat, Guillaume",Paris,1556,194,1550-1569,Large Center
http://sphaera.mpiwg-berlin.mpg.de/id/item/e7ac3010-a037-49fc-b0a0-1d7b3fe0a077,Ioannis de Sacrobusto libellus de sphaera,1895,"Sacrobosco, Johannes de;Melanchthon, Philipp","Krafft the Elder, Johann","Krafft the Elder, Johann",Wittenberg,1550,278,1550-1569,Large Center
http://sphaera.mpiwg-berlin.mpg.de/id/item/ed36a81b-f8a3-4bb9-b2b0-3c4ae973e01e,Iohannis de Sacro Busto libellus de sphaera,1898,"Sacrobosco, Johannes de;Melanchthon, Philipp",Company Heirs of Peter I. Seitz,Company Heirs of Peter I. Seitz,Wittenberg,1578,279,1570-1589,Large Center
http://sphaera.mpiwg-berlin.mpg.de/id/item/eeab3f97-9fb2-429a-9669-1ecc16e61955,Quaestiones in libellum de sphaera Ioannis de Sacro Busto,1784,"Sacrobosco, Johannes de;Beyer, Hartmann","Braubach, Peter","Braubach, Peter",Frankfurt (Main),1561,335,1550-1569,Medium Center
http://sphaera.mpiwg-berlin.mpg.de/id/item/e97b3e22-1980-41aa-b1bd-a13ebc25f468,Sphaera Ioannis de Sacrobusto,1695,"Sacrobosco, Johannes de","Sessa I., Melchiorre","Nicolini da Sabbio, Pietro",Venice,1548,64,1530-1549,Large Center
http://sphaera.mpiwg-berlin.mpg.de/id/item/ebfa7ed8-7391-4349-99bc-2cad1554e220,Liber Ioannis de Sacro Busto de sphaera,1682,"Melanchthon, Philipp;Sacrobosco, Johannes de",Company Francesco Bindoni I & Maffeo Pasini,Company Francesco Bindoni I & Maffeo Pasini,Venice,1541,64,1530-1549,Large Center
http://sphaera.mpiwg-berlin.mpg.de/id/item/ef84b302-6e36-49ef-8ba1-b0de8456bc6d,Sphaera Ioannis de Sacrobusto,1734,"Sacrobosco, Johannes de",Company Heirs of Melchiorre Sessa I.,Company Heirs of Melchiorre Sessa I.,Venice,1577,33,1570-1589,Large Center
http://sphaera.mpiwg-berlin.mpg.de/id/item/f27efcab-c02b-42fc-8a80-ee020d2a223b,Liber Ioannis de Sacrobusto de sphaera,1687,"Sacrobosco, Johannes de;Melanchthon, Philipp","Sessa I., Melchiorre",Company Giovanni Antonio Nicolini da Sabbio & brothers,Venice,1545,63,1530-1549,Large Center
http://sphaera.mpiwg-berlin.mpg.de/id/item/f29c8609-3343-479c-b0b6-298b49bb5bf6,Della Sfera Del Mondo,1718,"Piccolòmini, Alessandro","Bevilacqua, Niccolò","Bevilacqua, Niccolò",Venice,1561,398,1550-1569,Large Center
http://sphaera.mpiwg-berlin.mpg.de/id/item/f4dd6152-22c0-4f79-aae5-9da6c6eaf80c,Uberior enarratio,1861,"Sacrobosco, Johannes de;Gras, Theodoor","Cholinus, Maternus","Cholinus, Maternus",Cologne,1567,292,1550-1569,Medium Center
http://sphaera.mpiwg-berlin.mpg.de/id/item/f8c9bb4f-821e-44a0-98f6-22d17ec46e69,Breves in sphaeram meditatiunculae,1720,"Mercator, Bartholomäus",Company Heirs of Arnold Birckmann,Company Heirs of Arnold Birckmann,Cologne,1563,150,1550-1569,Medium Center
http://sphaera.mpiwg-berlin.mpg.de/id/item/fa127188-5e05-4168-9f01-46861bc369e6,Sphaera Ioannis de Sacrobosco,1970,"Sacrobosco, Johannes de;Vinet, Élie;Nunes, Pedro;Valeriano, Pierio",Company Jérôme de Marnef & Widow of Guillaume Cavellat (Denise de Marnef),Company Jérôme de Marnef & Widow of Guillaume Cavellat (Denise de Marnef),Paris,1577,192,1570-1589,Large Center
http://sphaera.mpiwg-berlin.mpg.de/id/item/40b1d419-81e1-465f-bdec-5aa95a283198,La Sphere de Iean de Sacrobosco,1754,"Sacrobosco, Johannes de",Widow of Guillaume Cavellat (Denise de Marnef),Widow of Guillaume Cavellat (Denise de Marnef),Paris,1607,124,1590-1609,Large Center
http://sphaera.mpiwg-berlin.mpg.de/id/item/5250d926-0314-4974-92f2-43326bbee263,Sphaera Ioannis de Sacro Bosco,1761,"Sacrobosco, Johannes de","Guyot, Claude","Guyot, Claude",Dijon,1619,41,1610-1629,Small Center
http://sphaera.mpiwg-berlin.mpg.de/id/item/57bf4be4-a652-4785-baf7-657108385096,Exposicion de la Esfera de Iuan de Sacrobosco doctor Parisiense,1763,"Giuntini, Francesco;Sacrobosco, Johannes de;Clavius, Christoph;Vinet, Élie","Taberniel, Jacinto","Taberniel, Jacinto",Salamanca,1629,177,1610-1629,Small Center
http://sphaera.mpiwg-berlin.mpg.de/id/item/6d6f5b0b-95f9-46af-9175-d578b181959b,Sphaera Ioannis de Sacrobusto,1752,"Sacrobosco, Johannes de",Company Heirs of Melchiorre Sessa I.,Company Heirs of Melchiorre Sessa I.,Venice,1601,32,1590-1609,Large Center
http://sphaera.mpiwg-berlin.mpg.de/id/item/7df9daf9-23c1-4534-a872-612ca3c07713,"Elementa doctrinae de circulis coelestibus, et primo motu",2173,"Peucer, Kaspar","Seelfisch, Samuel","Lehmann, Zacharias",Wittenberg,1601,314,1590-1609,Large Center
http://sphaera.mpiwg-berlin.mpg.de/id/item/7e241bb5-41e3-4e08-9ab1-547a93fe6b3d,Sphaera Ioannis de Sacro Bosco,1971,"Nunes, Pedro;Valeriano, Pierio;Sacrobosco, Johannes de;Vinet, Élie",Company Heirs of Girolamo Scoto,Company Heirs of Girolamo Scoto,Venice,1586,167,1570-1589,Large Center
http://sphaera.mpiwg-berlin.mpg.de/id/item/73828a90-70e2-4efa-8663-afa02f3c1fc7,Sphaera Ioannis de Sacrobusto,1748,"Sacrobosco, Johannes de",Company Heirs of Melchiorre Sessa I.,Company Heirs of Melchiorre Sessa I.,Venice,1594,32,1590-1609,Large Center
http://sphaera.mpiwg-berlin.mpg.de/id/item/889cdc14-a546-4649-b912-bb6f9d579f23,De Sphaera et primis astronomiae rudimentis,2176,"Blebel, Thomas","Welack, Matthaeus","Welack, Matthaeus",Wittenberg,1588,237,1570-1589,Large Center
http://sphaera.mpiwg-berlin.mpg.de/id/item/a84b202a-e388-4bce-830c-626ae4a90e4d,Cosmographia in quatuor libros distributa,1778,"Barozzi, Francesco","Percacino, Grazioso","Percacino, Grazioso",Venice,1598,531,1590-1609,Large Center
http://sphaera.mpiwg-berlin.mpg.de/id/item/a87d082b-a4a4-4dc2-b498-da488b67e3db,In sphæram Ioannis de Sacro Bosco commentarius,1811,"Sacrobosco, Johannes de;Clavius, Christoph","Basa, Bernardo","Basa, Bernardo",Venice,1596,518,1590-1609,Large Center
http://sphaera.mpiwg-berlin.mpg.de/id/item/a8e80c9a-dbe2-4177-8c6a-a372adb2aa87,"De sphaera, seu primi mobilis rudimentis libellus",2115,"Regiomontanus, Johannes;Blebel, Thomas",Company Heirs of Samuel Selfisch,"Fincelius, Hiob Wilhelm",Wittenberg,1629,284,1610-1629,Large Center
http://sphaera.mpiwg-berlin.mpg.de/id/item/a9a94b21-1df3-460e-96e5-fc6ed0974f3c,Sphaera Ioannis de Sacrobosco,1741,"Valeriano, Pierio;Sacrobosco, Johannes de;Vinet, Élie;Nunes, Pedro",Company Jérôme de Marnef & Widow of Guillaume Cavellat (Denise de Marnef),Company Jérôme de Marnef & Widow of Guillaume Cavellat (Denise de Marnef),Paris,1584,188,1570-1589,Large Center
http://sphaera.mpiwg-berlin.mpg.de/id/item/a9bbfa3f-47f1-4f8f-9811-20ee65fd4a30,Sphaera,1979,Anonymous_Leipzig_1614_S,"Grosse, Henning II.","Hermann, Johann",Leipzig,1614,294,1610-1629,Medium Center
http://sphaera.mpiwg-berlin.mpg.de/id/item/afc7f3d4-4c03-4e06-afdc-4538a60315a0,Sphaera Ioannis a Sacrobosco,1957,"Nunes, Pedro;Hero, Albertus;Valeriano, Pierio;Sacrobosco, Johannes de;Clavius, Christoph;Vinet, Élie;Giuntini, Francesco","Cholinus, Peter","Cholinus, Peter",Cologne,1610,261,1610-1629,Medium Center
http://sphaera.mpiwg-berlin.mpg.de/id/item/b09d9eb3-c89b-49b9-be00-5fd450b362a4,Sphaera Ioannis de Sacrobosco,1959,"Sacrobosco, Johannes de;Vinet, Élie;Nunes, Pedro;Hero, Albertus;Valeriano, Pierio","Cholinus, Goswin","Cholinus, Goswin",Cologne,1594,214,1590-1609,Medium Center
http://sphaera.mpiwg-berlin.mpg.de/id/item/b0a25087-43b9-4aee-9c4e-e6ab9b792bf0,Novae quaestiones sphaericae,2159,"Dietrich, Sebastian","Welack, Matthaeus","Welack, Matthaeus",Wittenberg,1583,344,1570-1589,Large Center
http://sphaera.mpiwg-berlin.mpg.de/id/item/b968bbae-9532-42ce-bc54-491abde20698,"In Sphaeram Ioannis de Sacro Bosco, Commentarius",1822,"Clavius, Christoph;Sacrobosco, Johannes de","Rigaud, Pierre","Polère, Amédée",Lyon,1618,696,1610-1629,Medium Center
http://sphaera.mpiwg-berlin.mpg.de/id/item/b9dfe23e-e463-435e-b98f-78768480902a,La Sfera del Mondo di M. Alessandro Piccolomini,2067,"Piccolòmini, Alessandro",Heir of Giovanni Varisco  (Giorgio Varisco),Heir of Giovanni Varisco  (Giorgio Varisco),Venice,1595,272,1590-1609,Large Center
http://sphaera.mpiwg-berlin.mpg.de/id/item/bbd6d45f-1734-410b-9029-60ae656f2623,In Sphaeram Ioannis de Sacro Bosco commentarius,1809,"Sacrobosco, Johannes de;Clavius, Christoph","Ciotti, Giovanni Battista","Ciotti, Giovanni Battista",Venice,1591,519,1590-1609,Large Center
http://sphaera.mpiwg-berlin.mpg.de/id/item/c5540c64-55a8-4c0e-b195-475c9e5ec767,La Sphere de Iean de Sacrobosco,1758,"Sacrobosco, Johannes de",Widow of Guillaume Cavellat (Denise de Marnef),Widow of Guillaume Cavellat (Denise de Marnef),Paris,1616,61,1610-1629,Large Center
http://sphaera.mpiwg-berlin.mpg.de/id/item/c5a9a4d5-26d0-4773-912c-d6a3692d6eb4,Libellus de Sphaera Iohannis de Sacro Busto,1753,"Sacrobosco, Johannes de;Melanchthon, Philipp",Company Zacharias Schürer & partners,"Krafft, Johann",Wittenberg,1601,241,1590-1609,Large Center
http://sphaera.mpiwg-berlin.mpg.de/id/item/cb80930d-46b3-4983-8e55-7a89eb2ace17,Sphaera Ioannis de Sacrobosco,1872,"Sacrobosco, Johannes de;Vinet, Élie;Nunes, Pedro;Valeriano, Pierio;Martin, Jacques","Pillehotte, Antoine","Pillehotte, Antoine",Lyon,1617,212,1610-1629,Medium Center
http://sphaera.mpiwg-berlin.mpg.de/id/item/cc55ac61-4e43-4871-b4f1-ce1539d6a334,"De Sphaera, et primis astronomiae rudimentis",2177,"Blebel, Thomas","Krafft, Johann","Krafft, Johann",Wittenberg,1590,243,1590-1609,Large Center
http://sphaera.mpiwg-berlin.mpg.de/id/item/d520a0bb-df57-404f-a686-d3b5fd4f7c21,"De sphaera, et primis astronomiae rudimentis",2182,"Blebel, Thomas","Krafft, Johann","Krafft, Johann",Wittenberg,1603,237,1590-1609,Large Center
http://sphaera.mpiwg-berlin.mpg.de/id/item/eb4c32fb-c422-4cec-9815-21a518a328b9,In Sphaeram Ioannis de Sacro Bosco. Commentarius,1816,"Sacrobosco, Johannes de;Clavius, Christoph","Gabiano, Jean de",Jacques du Creux a.k.a. Molliard,Lyon,1607,718,1590-1609,Medium Center
http://sphaera.mpiwg-berlin.mpg.de/id/item/f2427cfc-5620-43cf-b1b3-77516fe75b7c,Novae quaestiones sphaericae,2164,"Dietrich, Sebastian","Seelfisch, Samuel","Säuberlich, Lorenz",Wittenberg,1605,340,1590-1609,Large Center
http://sphaera.mpiwg-berlin.mpg.de/id/item/f38c54c9-6a37-480b-ab54-581aecae3816,Sphaera Ioannis de Sacrobosco,1967,"Sacrobosco, Johannes de;Vinet, Élie;Nunes, Pedro;Valeriano, Pierio","Gazeau, Hugues","Gazeau, Hugues",Lyon,1606,182,1590-1609,Medium Center
http://sphaera.mpiwg-berlin.mpg.de/id/item/cc61e6f3-ca2a-4821-9f9b-fe0a38c6a92e,Sphaera Ioannis de Sacrobosco,1962,"Valeriano, Pierio;Martin, Jacques;Sacrobosco, Johannes de;Vinet, Élie;Nunes, Pedro","Quesnel, Jacques","Quesnel, Jacques",Paris,1619,111,1610-1629,Large Center
http://sphaera.mpiwg-berlin.mpg.de/id/item/0691437b-f2cc-463e-a967-6f01bf2b9343,La sphere de Iean de Sacrobosco,1760,"Sacrobosco, Johannes de","Quesnel, Jacques","Quesnel, Jacques",Paris,1619,125,1610-1629,Large Center
http://sphaera.mpiwg-berlin.mpg.de/id/item/56defdfc-9b12-4caf-b865-b70e00e5918c,Tractatum de Spera,1939,"Sacrobosco, Johannes de","de Argentina, Florentinus","de Argentina, Florentinus",Venice,1472,44,1470-1489,Large Center
http://sphaera.mpiwg-berlin.mpg.de/id/item/368c8cd6-26be-434b-843e-8efb5a78fac2,"In Sphaeram Ioannis de Sacro Bosco, commentarius",1755,"Sacrobosco, Johannes de;Clavius, Christoph","Crispin, Samuel","Crispin, Samuel",Saint Gervais,1607,604,1590-1609,Small Center
http://sphaera.mpiwg-berlin.mpg.de/id/item/4464d09a-12c6-469b-9222-9c3f1605b968,The Arte of Navigation,2229,"Tapp, John;Cortés, Martin","Tapp, John","Windet, John",London,1609,105,1590-1609,Medium Center
http://sphaera.mpiwg-berlin.mpg.de/id/item/59f87543-42ea-48d1-83db-616c7cd6d337,Sphera del universo,1950,"Rocamora y Torrano, Ginés","Herrera, Juan de","Herrera, Juan de",Madrid,1599,565,1590-1609,Small Center
http://sphaera.mpiwg-berlin.mpg.de/id/item/46828306-07eb-43bd-a9bd-0f2463bd7f8d,The Arte of Navigation,2225,"Cortés, Martin",Widow of Richard Jugge (Joan Jugge),Widow of Richard Jugge (Joan Jugge),London,1579,96,1570-1589,Medium Center
http://sphaera.mpiwg-berlin.mpg.de/id/item/7a8da8c1-dbd3-4510-9953-da68096f835b,The Arte of Navigation,2223,"Cortés, Martin",Widow of Richard Jugge (Joan Jugge),Widow of Richard Jugge (Joan Jugge),London,1584,95,1570-1589,Medium Center
http://sphaera.mpiwg-berlin.mpg.de/id/item/a824812a-d3cf-4627-9390-5fd83609d23e,"In Sphaeram Ioannis de Sacro Bosco, commentarius",1818,"Clavius, Christoph;Sacrobosco, Johannes de","Crispin, Samuel","Crispin, Samuel",Saint Gervais,1608,650,1590-1609,Small Center
http://sphaera.mpiwg-berlin.mpg.de/id/item/a16d705e-e951-4d5a-9ab7-316f5645813a,The Arte of Navigation,2226,"Cortés, Martin","Watkins, Richard","Jeffes, Abel",London,1589,93,1570-1589,Medium Center
http://sphaera.mpiwg-berlin.mpg.de/id/item/bb68ef98-9860-49a1-9f6f-5e3295e704c5,"In Sphaeram Ioannis de Sacro Bosco, commentarius",2151,"Sacrobosco, Johannes de;Clavius, Christoph","Crispin, Samuel","Crispin, Samuel",Geneva,1607,648,1590-1609,One Book Center
http://sphaera.mpiwg-berlin.mpg.de/id/item/ce07e57c-3df3-4010-9ae0-a9f80fb8689e,The Art of Navigation,2228,"Cortés, Martin;Tapp, John","Tapp, John",Company Bernard Alsop & Thomas Fawcett,London,1630,84,1630-1650,Medium Center
http://sphaera.mpiwg-berlin.mpg.de/id/item/ce19d0cc-c1f8-4c65-9e0b-e327419f6cf7,Sphaera Iohannis de Sacro-Bosco,2189,"Sacrobosco, Johannes de;Burgersdijk, Franco",Company Bonaventura Elsevier & Abraham Elsevier,Company Bonaventura Elsevier & Abraham Elsevier,Leiden,1626,128,1610-1629,Small Center
http://sphaera.mpiwg-berlin.mpg.de/id/item/dc52f958-a12c-4c85-a7fc-574084cfae8b,The Arte of Navigation,2222,"Tapp, John;Cortés, Martin","Tapp, John","Stansby, William",London,1615,105,1610-1629,Medium Center
http://sphaera.mpiwg-berlin.mpg.de/id/item/dce1b797-829e-4dfc-ae2c-e191bdcae434,The Arte of Navigation,2224,"Tapp, John;Cortés, Martin",Company Astley Hugh & Richard Watkins,"Allde, Edward",London,1596,95,1590-1609,Medium Center
http://sphaera.mpiwg-berlin.mpg.de/id/item/e8f89b1c-5f59-4d02-a37e-1669b7587baa,De Sphaera et primis astronomiae rudimentis,2175,"Blebel, Thomas",Anonymous_SineLoco_1598_S,Anonymous_SineLoco_1598_S,Sine loco,1598,240,1590-1609,Small Center
http://sphaera.mpiwg-berlin.mpg.de/id/item/fe8f2ddb-1158-4e1c-a147-788edb3fa691,"Sphaerae utriusque tabella, ad Sphaerae huius mundi faciliorem enucleationem",1775,"Avelar, André de","Barreira, Antonio de","Barreira, Antonio de",Coimbra,1593,238,1590-1609,One Book Center
http://sphaera.mpiwg-berlin.mpg.de/id/item/fbb330b5-0669-42bc-b7c1-56a7d8c6c050,Bernardi Morisani Hiberni Derensis in Sphaeram Ioannis de S. Bosco commentarius,1908,"Morisanus, Bernardus;Sacrobosco, Johannes de","Marschall, Peter","Weiß, Johann Friedrich",Frankfurt (Main),1625,127,1610-1629,Medium Center
http://sphaera.mpiwg-berlin.mpg.de/id/item/cc1f70ce-e3cf-43ef-bad8-5a8d0b1b9576,Isagoge sphaerica,2241,"Scribonius, Wilhelm Adolf","Wechel, André","Wechel, André",Frankfurt (Main),1581,32,1570-1589,Medium Center
http://sphaera.mpiwg-berlin.mpg.de/id/item/e75806eb-a6d9-4d23-81cc-25810966efaa,Isagoge sphaerica,2242,"Scribonius, Wilhelm Adolf","Wechel, André","Wechel, André",Frankfurt (Main),1580,34,1570-1589,Medium Center
http://sphaera.mpiwg-berlin.mpg.de/id/item/8631525f-e185-45cc-a477-d5b238380e01,Isagoge sphaerica,2243,"Palthenius, Zacharias;Scribonius, Wilhelm Adolf","Wechel, Johann","Wechel, Johann",Frankfurt (Main),1593,276,1590-1609,Medium Center
http://sphaera.mpiwg-berlin.mpg.de/id/item/1a79dbd1-440d-46b5-b787-94d8d1b6dac9,Disciplina sphaerica,2244,"Scribonius, Wilhelm Adolf",Company Johann Wechel & Peter Fischer,Company Johann Wechel & Peter Fischer,Frankfurt (Main),1591,85,1590-1609,Medium Center
http://sphaera.mpiwg-berlin.mpg.de/id/item/9e3d329b-a28d-419c-9191-623efae138d5,Isagoge sphaerica,2245,"Scribonius, Wilhelm Adolf","Wechel, Johann","Wechel, Johann",Frankfurt (Main),1587,216,1570-1589,Medium Center
http://sphaera.mpiwg-berlin.mpg.de/id/item/8909a04a-10c7-4fd3-a063-0bcee5174aa8,Tratado del Esphera y del arte del marear,2247,"Faleiro, Francisco","Cromberger, Juan","Cromberger, Juan",Seville,1535,104,1530-1549,Small Center
http://sphaera.mpiwg-berlin.mpg.de/id/item/68c98af8-ff28-4efc-8188-f54d4fbb7eab,Rerum naturalium doctrina methodica,2248,"Scribonius, Wilhelm Adolf","Bishop, George","Middleton, Henry",London,1583,91,1570-1589,Medium Center
http://sphaera.mpiwg-berlin.mpg.de/id/item/c5f019c7-0b2c-49bf-8253-bc000a0fe0e5,Rerum naturalium doctrina methodica,2246,"Scribonius, Wilhelm Adolf","Harrison, John","Middleton, Henry",London,1583,90,1570-1589,Medium Center
http://sphaera.mpiwg-berlin.mpg.de/id/item/9b905cb2-88ee-477e-9745-0c3f5adf3c3a,Sphaerica disciplina,2249,"Scribonius, Wilhelm Adolf","Grothe, Konrad","Grothe, Konrad",Lemgo,1585,64,1570-1589,Small Center
http://sphaera.mpiwg-berlin.mpg.de/id/item/fe1a8658-1b64-4143-9788-2e623e780b1e,"Orontii Finei Delphinatis, protomathesis",2250,"Finé, Oronce","Pierre de Tour, Jean","Morrhy, Gérard",Paris,1532,435,1530-1549,Large Center
http://sphaera.mpiwg-berlin.mpg.de/id/item/e17fb754-c021-4cd6-bfbb-185fa3c603a1,Compendium in sphaeram per Pierium Valerianum Bellunensem,2251,"Valeriano, Pierio","Blado, Antonio","Blado, Antonio",Rome,1537,48,1530-1549,Small Center
http://sphaera.mpiwg-berlin.mpg.de/id/item/8f190cbe-31af-468a-abb9-8b764d98c080,Sphaera mundi,2252,"Finé, Oronce","Vascosan, Michel","Vascosan, Michel",Paris,1552,132,1550-1569,Large Center
http://sphaera.mpiwg-berlin.mpg.de/id/item/3dc7bd96-3e1c-4f2a-aecb-6778c5e5ec7f,"Orontii Finaei Delphinatis, de mundi sphaera",2253,"Finé, Oronce","Vascosan, Michel","Vascosan, Michel",Paris,1555,132,1550-1569,Large Center
http://sphaera.mpiwg-berlin.mpg.de/id/item/6627033f-be5d-4bc4-b074-97d11812dd3e,Isagoge sphaerica,2254,"Scribonius, Wilhelm Adolf","Rosa, Jonas","Palthenius, Zacharias",Frankfurt (Main),1600,65,1590-1609,Medium Center
http://sphaera.mpiwg-berlin.mpg.de/id/item/1d4496f1-a3c2-4d3e-a8e7-72784dce92cc,"Orontij Finei Delphinatis, De Mundi sphaera",1850,"Finé, Oronce","Colines, Simon de","Colines, Simon de",Paris,1542,236,1530-1549,Large Center
http://sphaera.mpiwg-berlin.mpg.de/id/item/9087fcf8-ed6b-439c-a46f-1e3872fab663,Opere di Orontio Fineo del Delfinato,2255,"Finé, Oronce","Franceschi, Francesco de","Franceschi, Francesco de",Venice,1587,819,1570-1589,Large Center
http://sphaera.mpiwg-berlin.mpg.de/id/item/3a3dd9ab-08fd-4293-ab4f-b31dcb8fdebd,Sphaera mundi,2257,"Finé, Oronce","Vascosan, Michel","Vascosan, Michel",Paris,1551,152,1550-1569,Large Center
http://sphaera.mpiwg-berlin.mpg.de/id/item/75ab376c-0227-4ad7-b9f5-2fb796d5afb8,Speculum astrologiae,2258,"Sacrobosco, Johannes de;Peurbach, Georg von;Giuntini, Francesco","Béraud, Symphorien","Béraud, Symphorien",Lyon,1581,1186,1570-1589,Medium Center
http://sphaera.mpiwg-berlin.mpg.de/id/item/da0f4ebd-7250-4683-91d2-8a80b30fa9de,Sphaera,2261,Anonymous_Leipzig_1614_S,"Grosse, Henning II.","Hermann, Johann",Leipzig,1614,196,1610-1629,Medium Center
http://sphaera.mpiwg-berlin.mpg.de/id/item/090bb04b-3a3b-478c-ab52-09f0f04690b0,Isagoge sphaerica,2262,"Scribonius, Wilhelm Adolf","Grothe, Konrad","Grothe, Konrad",Lemgo,1580,32,1570-1589,Small Center
http://sphaera.mpiwg-berlin.mpg.de/id/item/3958724d-c071-4e0b-9cad-0c025e9631d8,Epitome doctrinae de primo motu,2263,"Strigel, Victorinus","Krafft the Elder, Johann","Krafft the Elder, Johann",Wittenberg,1565,214,1550-1569,Large Center
http://sphaera.mpiwg-berlin.mpg.de/id/item/42479460-396c-48d8-a547-8f7438fbec84,Epitome doctrinae de rimo motu,2264,"Strigel, Victorinus","Vögelin, Ernst","Vögelin, Ernst",Leipzig,1564,190,1550-1569,Medium Center
http://sphaera.mpiwg-berlin.mpg.de/id/item/c9ce0475-5eff-429f-b5a2-2997ca009a5a,Reverendi Do. Francisci Maurolyci. De sphaera,2267,"Maurolico, Francesco","Ricardo, Antonio","Ricardo, Antonio",Mexico City,1578,108,1570-1589,One Book Center
http://sphaera.mpiwg-berlin.mpg.de/id/item/5b78abcd-6930-4fda-aa77-b9fa4e988c5d,"De sphaera, et primis astronomiae rudimentis",2236,"Valerius, Cornelius","Sylvius, Willem","Plantin, Christophe",Antwerp,1561,88,1550-1569,Medium Center
http://sphaera.mpiwg-berlin.mpg.de/id/item/234ed71d-7e99-41cc-82fd-dc8a36768f97,"De sphaera, et primis astronomiae rudimentis",2234,"Valerius, Cornelius","Sylvius, Willem","Sylvius, Willem",Antwerp,1564,82,1550-1569,Medium Center
http://sphaera.mpiwg-berlin.mpg.de/id/item/fcde9ec3-cd68-40f0-b3af-dde94c78a9fc,Astronomici introductorii de spaera epitome per Petrum Nonium Salaciensem,2265,"Nunes, Pedro",Anonymous_SineLoco_[1526]_S,Anonymous_SineLoco_[1526]_S,Sine loco,1521,12,1510-1529,Small Center
http://sphaera.mpiwg-berlin.mpg.de/id/item/48cf0d93-ed54-464f-a2e0-dea382aa9b96,"De sphaera, et primis astronomiae rudimentis",2235,"Valerius, Cornelius","Plantin, Christophe","Plantin, Christophe",Antwerp,1568,80,1550-1569,Medium Center
http://sphaera.mpiwg-berlin.mpg.de/id/item/e76df820-e8cc-427d-80ed-5327c9c96be9,"De sphaera, et primis astronomiae rudimentis",2231,"Valerius, Cornelius","Plantin, Christophe","Plantin, Christophe",Antwerp,1573,72,1570-1589,Medium Center
http://sphaera.mpiwg-berlin.mpg.de/id/item/51664f6e-bc1f-4331-b8c1-ca16ed294071,"De sphaera, et primis astronomiae rudimentis",2208,"Valerius, Cornelius","Plantin, Christophe","Plantin, Christophe",Antwerp,1575,74,1570-1589,Medium Center
http://sphaera.mpiwg-berlin.mpg.de/id/item/b385ed32-2b37-4a6c-8f84-b77debc933a5,"De sphaera, et primis astronomiae rudimentis",2237,"Valerius, Cornelius","Plantin, Christophe","Plantin, Christophe",Antwerp,1585,72,1570-1589,Medium Center
http://sphaera.mpiwg-berlin.mpg.de/id/item/146fba1f-b055-4977-bd3d-ef5af131bdca,"De sphaera, et primis astronomiae rudimentis",2268,"Valerius, Cornelius","Plantin, Christophe","Plantin, Christophe",Antwerp,1581,72,1570-1589,Medium Center
http://sphaera.mpiwg-berlin.mpg.de/id/item/b614ebfa-50eb-4d3b-8f94-3f63c5721261,La sphere du monde,2269,"Finé, Oronce","Vascosan, Michel","Vascosan, Michel",Paris,1551,140,1550-1569,Large Center
http://sphaera.mpiwg-berlin.mpg.de/id/item/fc8ffd4e-f645-4923-928f-37d1f1a89254,Le sphere du monde,2270,"Finé, Oronce","Vascosan, Michel","Vascosan, Michel",Paris,1552,140,1550-1569,Large Center
http://sphaera.mpiwg-berlin.mpg.de/id/item/237ea022-fb94-43f8-a96d-e904b2c7693e,De sphaera et primis astronomiae rudimentis,2271,"Blebel, Thomas","Welack, Matthaeus","Welack, Matthaeus",Wittenberg,1576,257,1570-1589,Large Center
http://sphaera.mpiwg-berlin.mpg.de/id/item/bd9506c6-b31e-4cf3-ae81-b51d413008f4,"D. Francisci Maurolyci Abbatis Messanensis, Opuscula mathematica",2273,"Maurolico, Francesco","Franceschi, Francesco de","Franceschi, Francesco de",Venice,1575,510,1570-1589,Large Center
http://sphaera.mpiwg-berlin.mpg.de/id/item/4fa4c208-a43e-4a1f-806b-350c52371701,De sphaera,2272,"Maurolico, Francesco","Hänlin, Gregor","Hänlin, Gregor",Dillingen an der Donau,1612,73,1610-1629,One Book Center
http://sphaera.mpiwg-berlin.mpg.de/id/item/dd438438-777e-4ead-b039-0f71a9eb380f,Isagoge sphaerica,2274,"Scribonius, Wilhelm Adolf","Bishop, George","Middleton, Henry",London,1581,8,1570-1589,Medium Center
http://sphaera.mpiwg-berlin.mpg.de/id/item/d7e54d1f-7f85-487c-8520-75ece607685f,"De sphaera, et primis astronomiae rudimentis",2276,"Valerius, Cornelius",Company Jan Moretus & Widow of Christophe Plantin (Jeanne Plantin),Company Jan Moretus & Widow of Christophe Plantin (Jeanne Plantin),Antwerp,1593,66,1590-1609,Medium Center
http://sphaera.mpiwg-berlin.mpg.de/id/item/9218cc28-fa96-444e-9eeb-235fea2d47b8,La sphere des deux mondes,2277,"Boileau de Bouillon, Gilles","Richard, Jean","Richard, Jean",Antwerp,1555,131,1550-1569,Medium Center
http://sphaera.mpiwg-berlin.mpg.de/id/item/ba9971de-e96d-4105-b874-6e6a5243d9f7,In Sphaeram Ioannis de Sacro Bosco Commentarius,2278,"Clavius, Christoph;Sacrobosco, Johannes de","Ciotti, Giovanni Battista","Ciotti, Giovanni Battista",Venice,1601,512,1590-1609,Large Center
http://sphaera.mpiwg-berlin.mpg.de/id/item/e7097a8d-9d6a-4694-991e-d7099edd8a95,The schoole of skil,2279,"Hill, Thomas","Jaggard, William","Judson, Thomas",London,1599,139,1590-1609,Medium Center
http://sphaera.mpiwg-berlin.mpg.de/id/item/9989a1c0-71a3-49bd-a314-8fd6523a4242,Breve compendio de la sphera y de la arte de navegar,2280,"Cortés, Martin","Alvares, António","Alvares, António",Seville,1556,196,1550-1569,Small Center
http://sphaera.mpiwg-berlin.mpg.de/id/item/af473ce0-7e61-4138-a4d0-5e487470e674,Sphaera Ioannis de Sacro Bosco emendata,2281,"Sacrobosco, Johannes de;Vinet, Élie;Hero, Albertus;Giuntini, Francesco","Bellère, Jean","Bellère, Jean",Antwerp,1582,346,1570-1589,Medium Center
http://sphaera.mpiwg-berlin.mpg.de/id/item/9a5fbf68-f8cd-4d57-94a4-e17296c512a4,Tractatus de Sphera,1621,"Peurbach, Georg von;Regiomontanus, Johannes;Sacrobosco, Johannes de","Baligault, Félix","Baligault, Félix",Paris,1493,22,1490-1509,Large Center
http://sphaera.mpiwg-berlin.mpg.de/id/item/5322ee22-65f0-43ee-8d82-608d43d609bc,Philosophia naturalis Petri a Spinosa artium magistri,1842,"Aristotle;Espinosa, Pedro","Castañeda, Rodrigo de","Castañeda, Rodrigo de",Salamanca,1535,241,1530-1549,Small Center
http://sphaera.mpiwg-berlin.mpg.de/id/item/645fb87e-89f1-4f70-8900-533fa6582d3f,Ioannis de sacrobusto anglici viri clarissimi spera mundi,1613,"Sacrobosco, Johannes de","Fuscus, Dominicus","Fuscus, Dominicus",Bologna,1480,72,1470-1489,Small Center
http://sphaera.mpiwg-berlin.mpg.de/id/item/6ae45acc-d867-4a2c-8ea6-a50d26002e59,Iohannis de Sacrobusto anglici viri clarissimi Spera mundi feliciter incipit,1940,"Sacrobosco, Johannes de","Renner, Franz","Renner, Franz",Venice,1478,96,1470-1489,Large Center
http://sphaera.mpiwg-berlin.mpg.de/id/item/99a71430-abee-452b-a073-6faed5e2c1b9,Syderei indagatoris Michaelis scoti super auctorem sperae,1944,"Scot, Michael","Rubiera, Giustiniano da","Rubiera, Giustiniano da",Bologna,1495,89,1490-1509,Small Center
http://sphaera.mpiwg-berlin.mpg.de/id/item/6088ce4e-0caf-4027-b2ca-1b17d9f40696,Textus De Sphera Johannis de Sacrobosco,1829,"Lattes, Bonet de;Sacrobosco, Johannes de;Euclid","Estienne I., Henri","Estienne I., Henri",Paris,1511,64,1510-1529,Large Center
http://sphaera.mpiwg-berlin.mpg.de/id/item/6b02c9f3-d83d-4600-bae9-65ccddc5ae8b,Opus sphericum magistri Ioannis de Sacro busto,1795,"Sacrobosco, Johannes de",Company Heirs of Heinrich Quentell,Company Heirs of Heinrich Quentell,Cologne,1505,75,1490-1509,Medium Center
http://sphaera.mpiwg-berlin.mpg.de/id/item/769c3fb5-9229-4535-b279-1552c236d1bd,Uberrimum sphere mundi commentum,1825,"d'Ailly, Pierre","Marchant, Guy","Marchant, Guy",Paris,1498,200,1490-1509,Large Center
http://sphaera.mpiwg-berlin.mpg.de/id/item/7762ea55-8cc8-4d20-908e-2b6cb354d4fc,Spherae Mundi,1650,"Sacrobosco, Johannes de;Peurbach, Georg von;Regiomontanus, Johannes","Sessa I., Melchiorre","Sessa I., Melchiorre",Venice,1513,96,1510-1529,Large Center
http://sphaera.mpiwg-berlin.mpg.de/id/item/7778fe89-0814-48fd-ac42-a9bb26bcf4e3,Textus de sphaera Ioannis de Sacrobosco,1831,"Sacrobosco, Johannes de;Euclid;Lattes, Bonet de","Colines, Simon de","Colines, Simon de",Paris,1534,70,1530-1549,Large Center
http://sphaera.mpiwg-berlin.mpg.de/id/item/6c8c8d3f-5c68-4490-8d0a-915c6001b359,Opusculum de Sphaera clarissimi philosophi Ioannis de Sacro busto,1918,"Sacrobosco, Johannes de;Peurbach, Georg von","Alantsee, Lukas","Singriener I., Johann",Vienna,1518,75,1510-1529,One Book Center
http://sphaera.mpiwg-berlin.mpg.de/id/item/73a24c3c-1165-4367-a68b-687f55b8f630,Le traicte de la sphere,1668,"Sacrobosco, Johannes de","Bois, Simon du","Bois, Simon du",Paris,1525,99,1510-1529,Large Center
http://sphaera.mpiwg-berlin.mpg.de/id/item/798799c1-e7a3-43f6-8c01-ad4e41cd5fae,Nota eorum quæ in hoc libro continentur,1823,"d'Étaples, Jacques Lefèvre;Regiomontanus, Johannes;Grosseteste, Robert;d'Ailly, Pierre;Vespucci, Bartolomeo;Capuano di Manfredonia, Francesco;Sacrobosco, Johannes de","Giunta, Giuntino",Company Giovanni Rosso & Bernardino Rosso (brothers),Venice,1508,336,1490-1509,Large Center
http://sphaera.mpiwg-berlin.mpg.de/id/item/81491221-871e-4f01-bd65-7fbd1af4b91a,Sphera cum commentis in hoc volumine contentis.,1659,"d'Étaples, Jacques Lefèvre;Regiomontanus, Johannes;Scot, Michael;Grosseteste, Robert;Campano da Novara;d'Ascoli, Cecco;d'Ailly, Pierre;Theodosius of Bithynia;Ptolemy (ps.);Capuano di Manfredonia, Francesco",Company Heirs of Ottaviano Scoto I.,Company Heirs of Ottaviano Scoto I.,Venice,1518,476,1510-1529,Large Center
http://sphaera.mpiwg-berlin.mpg.de/id/item/908dfde3-034d-4496-a2ce-3db5e30bbd46,Mundialis Sphere opusculum Joannis de sacro busto,1667,"Sacrobosco, Johannes de","Chaudière, Regnault","Chaudière, Regnault",Paris,1524,32,1510-1529,Large Center
http://sphaera.mpiwg-berlin.mpg.de/id/item/91b76bf7-e333-47b3-8be0-5dd8f5a69e3c,Textus Spere materialis Joannis de Sacrobusto,1803,"Sacrobosco, Johannes de;Thābit ibn Qurra;Tockler, Konrad","Landsberg, Martin","Landsberg, Martin",Leipzig,1509,84,1490-1509,Medium Center
http://sphaera.mpiwg-berlin.mpg.de/id/item/969bb026-ce68-4015-8cb2-163556344203,Mundialis Sphere opusculum Ioannis de sacro busco,1664,"Sacrobosco, Johannes de","Chaudière, Regnault","Chaudière, Regnault",Paris,1519,32,1510-1529,Large Center
http://sphaera.mpiwg-berlin.mpg.de/id/item/9930ca9b-47e3-46c4-af91-31453f24289f,Opusculum Iohannis de sacro busto spericum,1847,"Faber, Wenzel;Sacrobosco, Johannes de","Landsberg, Martin","Landsberg, Martin",Leipzig,1500,116,1490-1509,Medium Center
http://sphaera.mpiwg-berlin.mpg.de/id/item/a1312aab-f980-4c33-aebb-36fc1dffcf85,Textus De Sphera Joannis de Sacrobosco,1828,"Sacrobosco, Johannes de;Euclid;Lattes, Bonet de","Estienne I., Henri","Estienne I., Henri",Paris,1516,64,1510-1529,Large Center
http://sphaera.mpiwg-berlin.mpg.de/id/item/dccdc790-0362-4ad5-ab03-114e12df8003,Opus sphericum Iohannis de sacro busto,1797,"Sacrobosco, Johannes de","Quentell, Heinrich","Quentell, Heinrich",Cologne,1500,78,1490-1509,Medium Center
http://sphaera.mpiwg-berlin.mpg.de/id/item/e2792d4c-4369-4c9c-b9aa-02fb165716ac,Habes lector Iohannis de sacro busto sphere textum una,1824,"Ciruelo, Pedro;Sacrobosco, Johannes de;d'Ailly, Pierre","Petit I., Jean","Petit I., Jean",Paris,1515,162,1510-1529,Large Center
http://sphaera.mpiwg-berlin.mpg.de/id/item/e4e05f7d-5d8e-4062-adf1-256eb71a094c,Tractatus De Sphera,2211,"Sacrobosco, Johannes de","Baquelier, Pierre",Widow of Jean Du Pré (Claire Dimanche),Paris,1507,23,1490-1509,Large Center
http://sphaera.mpiwg-berlin.mpg.de/id/item/f2d9574b-b7ab-42d0-93eb-7aefc7b2eaed,Tractatus de sphera,2192,"Sacrobosco, Johannes de;Peurbach, Georg von;Regiomontanus, Johannes",Company Brothers de Marnef,Company Brothers de Marnef,Paris,1512,24,1510-1529,Large Center
http://sphaera.mpiwg-berlin.mpg.de/id/item/f6220e55-ae59-43dd-905c-02ac9d163557,Sphere mundi opusculum Ioannis de Sacro busto,1665,"Sacrobosco, Johannes de;Guyion, Johannes","Channey, Johan de","Channey, Johan de",Avignon,1520,63,1510-1529,One Book Center
http://sphaera.mpiwg-berlin.mpg.de/id/item/08edefcd-8873-4d42-9041-bb2d0a99d299,Sphaera Ioannis de Sacro Bosco,1965,"Sacrobosco, Johannes de;Vinet, Élie;Nunes, Pedro;Valeriano, Pierio",Company Heirs of Girolamo Scoto,Company Heirs of Girolamo Scoto,Venice,1574,168,1570-1589,Large Center
http://sphaera.mpiwg-berlin.mpg.de/id/item/0c1e1c5c-fd9c-4d3e-86e0-aa00da1a862d,Ioannis de Sacro Busto libellus de sphaera,1690,"Melanchthon, Philipp;Sacrobosco, Johannes de","Kreutzer, Veit","Kreutzer, Veit",Wittenberg,1545,282,1530-1549,Large Center
http://sphaera.mpiwg-berlin.mpg.de/id/item/097e1e7a-283f-44ae-8653-4abc785e1e21,Sphaera Ioannis de Sacro Bosco,1856,"Giuntini, Francesco;Sacrobosco, Johannes de;Vinet, Élie;Nunes, Pedro","Richard, Jean","Richard, Jean",Antwerp,1566,225,1550-1569,Medium Center
http://sphaera.mpiwg-berlin.mpg.de/id/item/18adfee5-2499-4efa-866f-cb5f1cdd1944,"Elementa doctrinae de circulis coelestibus, et primo motu",2169,"Peucer, Kaspar","Krafft the Elder, Johann","Krafft the Elder, Johann",Wittenberg,1576,324,1570-1589,Large Center
http://sphaera.mpiwg-berlin.mpg.de/id/item/118810e5-9b04-4b7c-a698-4099bb9956a3,Sphaera Iohannis De Sacrobosco,1694,"Sacrobosco, Johannes de","Richard, Jean","Richard, Jean",Antwerp,1547,78,1530-1549,Medium Center
http://sphaera.mpiwg-berlin.mpg.de/id/item/1c40fb4e-8be2-4df6-89ec-a45919523a35,In Sphaeram Ioannis de Sacro Bosco commentarius,1806,"Clavius, Christoph;Sacrobosco, Johannes de","Eliano, Vittorio","Eliano, Vittorio",Rome,1570,525,1570-1589,Small Center
http://sphaera.mpiwg-berlin.mpg.de/id/item/19e9f915-00f8-436d-a2c9-03a151ea6c88,Sphaera Joannis de Sacrobosco,1890,"Sacrobosco, Johannes de;Melanchthon, Philipp","Richard, Thomas","Richard, Thomas",Paris,1550,142,1550-1569,Large Center
http://sphaera.mpiwg-berlin.mpg.de/id/item/1cc43766-934e-40d2-b2a5-9788b0073831,Sphaera Ioannis de Sacro Bosco emendata,1958,"Giuntini, Francesco;Sacrobosco, Johannes de;Vinet, Élie;Hero, Albertus","Bellère I., Pierre","Bellère I., Pierre",Antwerp,1582,344,1570-1589,Medium Center
http://sphaera.mpiwg-berlin.mpg.de/id/item/1b5f58af-c396-4fc9-bd85-1ce63a58aae0,Sphaera Ioannis de Sacrobusto,1743,"Sacrobosco, Johannes de",Company Heirs of Melchiorre Sessa I.,Company Heirs of Melchiorre Sessa I.,Venice,1587,64,1570-1589,Large Center
http://sphaera.mpiwg-berlin.mpg.de/id/item/1bb35345-ede1-49b4-8eda-96d11581be92,"Elementa doctrinae de circulis coelestibus, et primo motu",2170,"Peucer, Kaspar","Krafft the Elder, Johann","Krafft the Elder, Johann",Wittenberg,1551,335,1550-1569,Large Center
http://sphaera.mpiwg-berlin.mpg.de/id/item/1dac3b48-7793-4d0c-8d35-bf74e7f39617,"Fr. Iunctini Florentini, Commentaria in tertium et quartum capitulum Sphaerae Io. de Sacro Bosco",1851,"Giuntini, Francesco;Sacrobosco, Johannes de","Tinghi, Philippe","Tournes (II.), Jean de",Lyon,1577,534,1570-1589,Medium Center
http://sphaera.mpiwg-berlin.mpg.de/id/item/3517fe58-1494-4d57-9a9d-4f67fa98a8e5,La Sfera del Mondo di M. Alessandro Piccolomini,2063,"Piccolòmini, Alessandro",Company Giovanni Varisco & compagni,Company Giovanni Varisco & compagni,Venice,1566,456,1550-1569,Large Center
http://sphaera.mpiwg-berlin.mpg.de/id/item/363e36c5-3828-463a-bd9c-02bc26e3e34d,La sfera di M. Giovanni di Sacrobosco,2215,"Danti, Piervincenzo;Sacrobosco, Johannes de","Salviani, Baldo","Rastelli, Giovanni Bernardino",Perugia,1574,68,1570-1589,Small Center
http://sphaera.mpiwg-berlin.mpg.de/id/item/36ab6415-d64d-4b2c-8932-3c0a033942a3,Sphaera Ioannis de Sacro Bosco,1953,"Valeriano, Pierio;Sacrobosco, Johannes de;Vinet, Élie;Nunes, Pedro","Cholinus, Maternus","Cholinus, Maternus",Cologne,1566,200,1550-1569,Medium Center
http://sphaera.mpiwg-berlin.mpg.de/id/item/3086ac45-0437-4325-81e7-87800ba30353,Sphaera Ioannis de Sacrobosco,1716,"Sacrobosco, Johannes de","Richard, Jean","Richard, Jean",Antwerp,1561,80,1550-1569,Medium Center
http://sphaera.mpiwg-berlin.mpg.de/id/item/3198d85e-e0e5-44c0-9966-9abbdaca5263,Sphaera Ioannis de Sacrobusto,1707,"Sacrobosco, Johannes de","Sessa I., Melchiorre","Rampazetto, Francesco",Venice,1554,64,1550-1569,Large Center
http://sphaera.mpiwg-berlin.mpg.de/id/item/3898ad1e-5e2c-4fab-995f-ad062bd38157,Iohannis de Sacro Busto libellus de sphæra,1904,"Melanchthon, Philipp;Sacrobosco, Johannes de","Krafft the Elder, Johann","Krafft the Elder, Johann",Wittenberg,1563,276,1550-1569,Large Center
http://sphaera.mpiwg-berlin.mpg.de/id/item/39a3bba1-a97d-4d41-bc4b-3681cfa4628d,Sphera Ioannis de Sacro Busto,1700,"Espinosa, Pedro;Sacrobosco, Johannes de","Junta, Juan de","Junta, Juan de",Salamanca,1550,131,1550-1569,Small Center
http://sphaera.mpiwg-berlin.mpg.de/id/item/3e02c3b8-e0e6-43a3-a4b3-5d62e312ab86,De sphaera mundi: et temporis ratione,2233,"Witekind, Hermann","Harnisch, Matthäus","Mayer, Johann",Heidelberg,1574,446,1570-1589,One Book Center
http://sphaera.mpiwg-berlin.mpg.de/id/item/4208960a-b432-418f-8f72-8dc5c556b928,"Fr. Iunctini Florentini, Commentaria in Sphæram Ioannis de Sacro Bosco",1852,"Giuntini, Francesco;Sacrobosco, Johannes de","Tinghi, Philippe","Tinghi, Philippe",Lyon,1578,608,1570-1589,Medium Center
http://sphaera.mpiwg-berlin.mpg.de/id/item/4371b349-7637-452e-afdd-392625f454f8,De la sfera del mondo,2070,"Piccolòmini, Alessandro","Bascarini, Niccolò","Bascarini, Niccolò",Venice,1548,370,1530-1549,Large Center
http://sphaera.mpiwg-berlin.mpg.de/id/item/43aa7d64-36d4-46f3-bba7-b5fc02215a71,Ioannis de Sacro Busto Libellus de Sphaera,1900,"Melanchthon, Philipp;Sacrobosco, Johannes de","Krafft the Elder, Johann","Krafft the Elder, Johann",Wittenberg,1553,278,1550-1569,Large Center
http://sphaera.mpiwg-berlin.mpg.de/id/item/451f4882-f133-4c14-a9b1-330ab1066271,Sphaera Ioannis de Sacro Bosco,2087,"Valeriano, Pierio;Sacrobosco, Johannes de;Vinet, Élie;Nunes, Pedro","Scoto, Girolamo","Scoto, Girolamo",Venice,1562,168,1550-1569,Large Center
http://sphaera.mpiwg-berlin.mpg.de/id/item/464a1d5d-e05a-480f-990d-7c4b16f8857b,Quaestiones in libellum de sphaera Ioannis de Sacro Busto,1931,"Beyer, Hartmann;Sacrobosco, Johannes de",Company Heirs of Peter I. Seitz,Company Heirs of Peter I. Seitz,Wittenberg,1573,304,1570-1589,Large Center
http://sphaera.mpiwg-berlin.mpg.de/id/item/4b300b2e-534c-47e7-8898-d35037b783b8,Quaestiones novae in libellum de Sphaera Ioannis de Sacro Bosco,1725,"Sacrobosco, Johannes de;Beyer, Hartmann","Cavellat, Guillaume","Cavellat, Guillaume",Paris,1566,72,1550-1569,Large Center
http://sphaera.mpiwg-berlin.mpg.de/id/item/4be046c0-52b0-41e2-9e27-5ba1f71dac19,Iohannis de Sacro Busto Libellus de sphaera,1891,"Sacrobosco, Johannes de;Melanchthon, Philipp","Krafft the Elder, Johann","Krafft the Elder, Johann",Wittenberg,1558,275,1550-1569,Large Center
http://sphaera.mpiwg-berlin.mpg.de/id/item/4d5c01d2-c604-485d-9274-7be9efc7fc6d,Ioannis de Sacrobusto libellus de sphæra,1894,"Sacrobosco, Johannes de;Melanchthon, Philipp","Kreutzer, Veit","Kreutzer, Veit",Wittenberg,1549,268,1530-1549,Large Center
http://sphaera.mpiwg-berlin.mpg.de/id/item/4eed4aaf-6c8d-4aff-9be5-c85bca1d9653,Mundiales sphere opusculum Ioannis de Sacro Busto,1656,"Sacrobosco, Johannes de","Chaudière, Regnault","Quignon, Vincent",Paris,1516,32,1510-1529,Large Center
http://sphaera.mpiwg-berlin.mpg.de/id/item/50901e9c-4a2a-4eb8-9908-1a04d83c7a23,Sphaera Ioannis de Sacrobosco,1712,"Sacrobosco, Johannes de","Richard, Jean","Richard, Jean",Antwerp,1559,79,1550-1569,Medium Center
http://sphaera.mpiwg-berlin.mpg.de/id/item/5160d3aa-9337-4827-a1d3-00a32c8ec471,In Sphaeram Ioannis de Sacro Bosco commentarius,1808,"Sacrobosco, Johannes de;Clavius, Christoph","Basa, Domenico","Basa, Domenico",Rome,1585,516,1570-1589,Small Center
http://sphaera.mpiwg-berlin.mpg.de/id/item/5381d783-6eaf-411b-8eb0-b7adcff5ee95,Liber Ioannis de Sacro Busto de sphaera,1901,"Sacrobosco, Johannes de;Melanchthon, Philipp","Sessa I., Melchiorre","Nicolini da Sabbio, Giovanni Antonio",Venice,1541,64,1530-1549,Large Center
http://sphaera.mpiwg-berlin.mpg.de/id/item/645b3b24-f9c3-456e-8bbd-ee29590d9b61,La sphere de Iean de Sacrobosco,1838,"Sacrobosco, Johannes de;Des Bordes, Guillaume",Company Guillaume Cavellat & Jérôme de Marnef,Company Guillaume Cavellat & Jérôme de Marnef,Paris,1570,118,1570-1589,Large Center
http://sphaera.mpiwg-berlin.mpg.de/id/item/6513e6a9-0a29-42e3-8898-c53aaacfac09,Sphaera Ioannis de Sacro Bosco,1973,"Sacrobosco, Johannes de;Valeriano, Pierio;Vinet, Élie;Nunes, Pedro","Cavellat, Guillaume","Cavellat, Guillaume",Paris,1564,206,1550-1569,Large Center
http://sphaera.mpiwg-berlin.mpg.de/id/item/5e934a25-4c13-4a9d-b6e1-69caaf474d30,Trattato della sphera,2217,"Sacrobosco, Johannes de",Company Valerio Meda & brothers,Company Valerio Meda & brothers,Milan,1550,29,1550-1569,Small Center
http://sphaera.mpiwg-berlin.mpg.de/id/item/65f5a67d-6866-4305-b954-c3eeee387d5c,Quaestiones novae in libellum de sphaera Ioannis de Sacro Bosco,1783,"Sacrobosco, Johannes de;Beyer, Hartmann","Cavellat, Guillaume","Cavellat, Guillaume",Paris,1560,70,1550-1569,Large Center
http://sphaera.mpiwg-berlin.mpg.de/id/item/67853cbf-338b-4bd2-b611-bc7143dbbdd0,La sphere de Iehan de Sacrobosco,1691,"Sacrobosco, Johannes de","Loys, Jean","Loys, Jean",Paris,1546,49,1530-1549,Large Center
http://sphaera.mpiwg-berlin.mpg.de/id/item/6812f513-b7d3-4c06-a3a0-4317f1ebd7f0,Quaestiones novae in libellum de sphaera Ioannis de Sacro Busto,2103,"Beyer, Hartmann;Sacrobosco, Johannes de","Braubach, Peter","Braubach, Peter",Frankfurt (Main),1549,272,1530-1549,Medium Center
http://sphaera.mpiwg-berlin.mpg.de/id/item/6be932f0-a115-4a38-a2fd-5cb5bb14cd7a,Sphaera Ioannis de Sacro Bosco,1764,"Sacrobosco, Johannes de","Spirinx, Nicolas","Spirinx, Nicolas",Dijon,1633,80,1630-1650,Small Center
http://sphaera.mpiwg-berlin.mpg.de/id/item/723dcf1a-e207-45a5-b4e4-0675fc79c6a3,"Quaestiones, in libellum De sphaera Ioannis de Sacro Busto",1790,"Sacrobosco, Johannes de;Beyer, Hartmann",Company Heirs of Peter Braubach,Company Heirs of Peter Braubach,Frankfurt (Main),1571,360,1570-1589,Medium Center
http://sphaera.mpiwg-berlin.mpg.de/id/item/7276cc19-5b92-4739-afbf-c0c99cb9bff3,De sphaera et primis astronomiae rudimentis,2180,"Blebel, Thomas","Welack, Matthaeus","Welack, Matthaeus",Wittenberg,1576,214,1570-1589,Large Center
http://sphaera.mpiwg-berlin.mpg.de/id/item/742573c4-c587-4c2d-a26f-f931faf026f2,"Elementa doctrinae de circulis coelestibus, et primo motu",2172,"Peucer, Kaspar","Krafft the Elder, Johann","Krafft the Elder, Johann",Wittenberg,1554,179,1550-1569,Large Center
http://sphaera.mpiwg-berlin.mpg.de/id/item/760d9611-6e6a-4f57-93e3-6f4df7cc4f89,Sphaera Ioannis de Sacrobusto,1715,"Sacrobosco, Johannes de","Rampazetto, Francesco","Rampazetto, Francesco",Venice,1561,31,1550-1569,Large Center
http://sphaera.mpiwg-berlin.mpg.de/id/item/76f508f2-90b5-47df-818f-b7087dd116a1,Quaestiones novae in libellum de sphaera Ioannis de Sacro Bosco,1788,"Beyer, Hartmann;Sacrobosco, Johannes de","Cavellat, Guillaume","Cavellat, Guillaume",Paris,1565,146,1550-1569,Large Center
http://sphaera.mpiwg-berlin.mpg.de/id/item/7caeb9f0-b984-4b46-a579-e10e39dd0333,Sphaera Ioannis de Sacrobosco,1892,"Melanchthon, Philipp;Sacrobosco, Johannes de","Cavellat, Guillaume","Richard, Thomas",Paris,1549,142,1530-1549,Large Center
http://sphaera.mpiwg-berlin.mpg.de/id/item/7f550ae8-f1ae-4234-9a27-157601055390,Liber Ioannis De Sacro Busto De Sphaera,1884,"Sacrobosco, Johannes de;Melanchthon, Philipp","Sessa I., Melchiorre","Nicolini da Sabbio, Giovanni Antonio",Venice,1537,68,1530-1549,Large Center
http://sphaera.mpiwg-berlin.mpg.de/id/item/7f569351-eecf-43e0-93dc-01790080c3fa,Sphaera Ioannis de Sacrobusto,1737,"Sacrobosco, Johannes de",Company Heirs of Melchiorre Sessa I.,Company Heirs of Melchiorre Sessa I.,Venice,1580,33,1570-1589,Large Center
http://sphaera.mpiwg-berlin.mpg.de/id/item/8342c19c-ec51-4f5d-a433-be0191d46b5e,Trattato della Sphera,1793,"Sacrobosco, Johannes de;Brucioli, Antonio",Company Francesco Brucioli & brothers,Company Francesco Brucioli & brothers,Venice,1543,52,1530-1549,Large Center
http://sphaera.mpiwg-berlin.mpg.de/id/item/83869867-8342-4c08-abbf-f076d3e4d029,Della Sfera del Mondo di M. Alisandro Piccolomini,2064,"Piccolòmini, Alessandro","Bascarini, Niccolò","Bascarini, Niccolò",Venice,1552,368,1550-1569,Large Center
http://sphaera.mpiwg-berlin.mpg.de/id/item/86cce62b-9a69-42aa-87e8-a78fc1bfb923,La sfera del mondo di M. Alessandro Piccolomini,2073,"Piccolòmini, Alessandro",Company Giovanni Varisco & compagni,Company Giovanni Varisco & compagni,Venice,1573,264,1570-1589,Large Center
http://sphaera.mpiwg-berlin.mpg.de/id/item/a1b6b399-b195-4425-82f6-bc653a844da6,La sfera del mondo di M. Alessandro Piccolomini,1919,"Piccolòmini, Alessandro",Company Giovanni Varisco & compagni,Company Giovanni Varisco & compagni,Venice,1579,268,1570-1589,Large Center
http://sphaera.mpiwg-berlin.mpg.de/id/item/a454b1e7-1077-4341-b2b0-883a4583822a,De la Sfera del Mondo di M. Alessandro Piccolomini,2066,"Piccolòmini, Alessandro",Company Giovanni Varisco & compagni,Company Giovanni Varisco & compagni,Venice,1561,445,1550-1569,Large Center
http://sphaera.mpiwg-berlin.mpg.de/id/item/a5ac97ab-ac78-4c7b-87bf-9f7aaec5f54d,"La sfera del mondo, Di M. Francesco Giuntini",1854,"Giuntini, Francesco;Sacrobosco, Johannes de","Béraud, Symphorien","Béraud, Symphorien",Lyon,1582,402,1570-1589,Medium Center
http://sphaera.mpiwg-berlin.mpg.de/id/item/a62d9c0a-4dcb-49fa-8c04-188b3558320a,Ioannis de sacro busto Libellus de Sphaera,1684,"Sacrobosco, Johannes de;Melanchthon, Philipp","Richard, Jean","Richard, Jean",Antwerp,1543,109,1530-1549,Medium Center
http://sphaera.mpiwg-berlin.mpg.de/id/item/ada2df04-c63c-4bf7-9f63-5e58e88a12e4,Qvaestiones in libellum de sphaera Ioannis de Sacro Busto,2104,"Sacrobosco, Johannes de;Beyer, Hartmann","Braubach, Peter","Braubach, Peter",Frankfurt (Main),1556,304,1550-1569,Medium Center
http://sphaera.mpiwg-berlin.mpg.de/id/item/aee993aa-9ac6-4a84-8f64-71a56edc9768,Sphaera Ioannis de Sacrobusto,1701,"Sacrobosco, Johannes de","Sessa I., Melchiorre","Nicolini da Sabbio, Pietro",Venice,1550,80,1550-1569,Large Center
http://sphaera.mpiwg-berlin.mpg.de/id/item/afd94239-7b72-4efb-a2ef-f1b538f5c833,Sphaera Ioannis de Sacro Bosco,1728,"Nunes, Pedro;Valeriano, Pierio;Sacrobosco, Johannes de;Vinet, Élie","Scoto, Girolamo","Scoto, Girolamo",Venice,1569,168,1550-1569,Large Center
http://sphaera.mpiwg-berlin.mpg.de/id/item/b54c7888-3763-4424-b776-96d1d7c242c9,Novae quaestiones sphaerae,2160,"Dietrich, Sebastian","Krafft the Elder, Johann","Krafft the Elder, Johann",Wittenberg,1564,348,1550-1569,Large Center
http://sphaera.mpiwg-berlin.mpg.de/id/item/b1365bc9-f1ff-41b4-b73a-1a4b281adaee,Breve compendio de la sphera y de la arte de navegar,2077,"Cortés, Martin","Alvares, António","Alvares, António",Seville,1551,100,1550-1569,Small Center
http://sphaera.mpiwg-berlin.mpg.de/id/item/b6d66d26-e649-4465-a762-42bda5cf2e47,Sphaera Ioannis de Sacro Bosco,1960,"Sacrobosco, Johannes de;Vinet, Élie;Nunes, Pedro;Hero, Albertus;Valeriano, Pierio","Cholinus, Maternus","Cholinus, Maternus",Cologne,1581,210,1570-1589,Medium Center
http://sphaera.mpiwg-berlin.mpg.de/id/item/b9ee1c57-bd85-4637-96b1-a22fcd0903e2,Sphaera Ioannis de Sacro Bosco,1951,"Sacrobosco, Johannes de;Melanchthon, Philipp;Valeriano, Pierio","Cavellat, Guillaume","Cavellat, Guillaume",Paris,1550,498,1550-1569,Large Center
http://sphaera.mpiwg-berlin.mpg.de/id/item/baee638b-3a9b-49b1-987d-ae2cb8141c8d,Sphaera Ioannis de Sacro Bosco,1911,"Valeriano, Pierio;Vinet, Élie;Nunes, Pedro;Sacrobosco, Johannes de",Company Guillaume Cavellat & Jérôme de Marnef,Company Guillaume Cavellat & Jérôme de Marnef,Paris,1572,95,1570-1589,Large Center
http://sphaera.mpiwg-berlin.mpg.de/id/item/ba1af875-93aa-48d4-a714-d23419ae5b6c,Sphaera Petri Catena,1597,"Catena, Pietro","Percacino, Grazioso","Percacino, Grazioso",Padua,1561,41,1550-1569,One Book Center
http://sphaera.mpiwg-berlin.mpg.de/id/item/00294e5b-c9ed-44f7-af31-550da6b948e0,In Sphaeram Ioannis de Sacro Bosco. Commentarius,1810,"Clavius, Christoph;Sacrobosco, Johannes de",Brothers Gabiano,"Julliéron, Guichard",Lyon,1594,642,1590-1609,Medium Center
http://sphaera.mpiwg-berlin.mpg.de/id/item/012cdb2d-2830-4e0b-b148-c30b6f678f92,In Sphaeram Ioannis de Sacro Bosco. Commentarius,1815,"Clavius, Christoph;Sacrobosco, Johannes de","Gelli, Giovanni Paolo","Zanetti, Luigi",Rome,1606,694,1590-1609,Small Center
http://sphaera.mpiwg-berlin.mpg.de/id/item/0ae626f0-f73d-43ba-ba7f-b506bb6a2c01,El filosofo,1933,"Gómez Tejada de los Reyes, Cosme;Sacrobosco, Johannes de;Aristotle","Martín Redondo, Santiago","García Morrás, Domingo",Madrid,1650,294,,Small Center
http://sphaera.mpiwg-berlin.mpg.de/id/item/1a63bd13-b902-4874-8564-46a0e3b9f169,Sphaera Ioannis de Sacrobosco,1820,"Vinet, Élie;Nunes, Pedro;Hero, Albertus;Valeriano, Pierio;Sacrobosco, Johannes de;Clavius, Christoph","Cholinus, Goswin","Cholinus, Goswin",Cologne,1601,254,1590-1609,Medium Center
http://sphaera.mpiwg-berlin.mpg.de/id/item/1c792162-734b-4aad-906f-6b0d20d81141,De sphaera et primis astronomiae rudimentis,2178,"Blebel, Thomas","Krafft, Johann","Krafft, Johann",Wittenberg,1582,238,1570-1589,Large Center
http://sphaera.mpiwg-berlin.mpg.de/id/item/20430a7d-3f77-404d-abee-cec9c805baf3,In Sphaeram Ioannis de Sacro Bosco Commentarius,1814,"Sacrobosco, Johannes de;Clavius, Christoph","Ciotti, Giovanni Battista","Ciotti, Giovanni Battista",Venice,1603,526,1590-1609,Large Center
http://sphaera.mpiwg-berlin.mpg.de/id/item/20bb95c2-b6b5-427a-9234-ac7e0ebd0bfc,Sphaera Iohannis de Sacro-Bosco,1801,"Burgersdijk, Franco;Sacrobosco, Johannes de",Company Bonaventura Elsevier & Abraham Elsevier,Company Bonaventura Elsevier & Abraham Elsevier,Leiden,1626,122,1610-1629,Small Center
http://sphaera.mpiwg-berlin.mpg.de/id/item/224827b8-fa6a-461f-bbea-a7146ee65a5c,"De Sphaera, et primis astronomiae rudimentis",2181,"Blebel, Thomas","Krafft, Johann","Krafft, Johann",Wittenberg,1595,235,1590-1609,Large Center
http://sphaera.mpiwg-berlin.mpg.de/id/item/22a04077-cc56-4871-a4e5-eab72e6bcfc5,Christophori Clavii Bambergensis e Societate Iesu Operum Mathematicorum,1819,"Sacrobosco, Johannes de;Clavius, Christoph","Hierat, Anton I.","Eltz, Reinhard",Mainz,1611,757,1610-1629,One Book Center
http://sphaera.mpiwg-berlin.mpg.de/id/item/239b1116-2204-47f9-9c31-c22af918e5d1,The arte of Navigation,2227,"Cortés, Martin","Jugge, Richard","Jugge, Richard",London,1572,97,1570-1589,Medium Center
http://sphaera.mpiwg-berlin.mpg.de/id/item/278ea564-8041-4fa5-98c2-0a3647d73d05,Liber Ioannis de Sacrobusto de sphaera,2112,"Sacrobosco, Johannes de","Bindoni I., Francesco","Bindoni I., Francesco",Venice,1553,27,1550-1569,Large Center
http://sphaera.mpiwg-berlin.mpg.de/id/item/28e51631-562e-42aa-9589-f50a963c3233,De sphaera mundi: Et Témporis ratione,2232,"Witekind, Hermann","Harnisch, Matthäus","Harnisch, Matthäus",Neustadt an der Weinstraße,1590,436,1590-1609,One Book Center
http://sphaera.mpiwg-berlin.mpg.de/id/item/2af726a4-5ecb-448f-8d8f-8365e51ff3e7,"De Sphaera, et primis astronomiae rudimentis",2179,"Blebel, Thomas","Seelfisch, Samuel","Säuberlich, Lorenz",Wittenberg,1611,240,1610-1629,Large Center
http://sphaera.mpiwg-berlin.mpg.de/id/item/aeefc2a9-d142-4d3b-b0c1-415458e3271f,Cosmographia in quatuor libros distributa,1777,"Barozzi, Francesco","Percacino, Grazioso","Percacino, Grazioso",Venice,1585,529,1570-1589,Large Center
http://sphaera.mpiwg-berlin.mpg.de/id/item/01601a31-6b22-487e-bd78-207b797b5e99,Iohannis de sacro busto spericum opusculum,2201,"Sacrobosco, Johannes de","Kachelofen, Konrad","Kachelofen, Konrad",Leipzig,1489,65,1470-1489,Medium Center
http://sphaera.mpiwg-berlin.mpg.de/id/item/0a723653-09c7-4ad9-96f7-cf56cce7c2a9,Textus De Sphera Iohannis de Sacrobosco,1624,"Sacrobosco, Johannes de","Hopyl, Wolfgang","Hopyl, Wolfgang",Paris,1494,49,1490-1509,Large Center
http://sphaera.mpiwg-berlin.mpg.de/id/item/0be8c881-0870-4137-af21-7e83dd8d02ed,Spaerae Mundi Compendium foeliciter inchoat,1924,"Peurbach, Georg von;Regiomontanus, Johannes;Sacrobosco, Johannes de",Company Johannes Lucilius Santritter & Girolamo de Sanctis,Company Johannes Lucilius Santritter & Girolamo de Sanctis,Venice,1488,138,1470-1489,Large Center
http://sphaera.mpiwg-berlin.mpg.de/id/item/5cc49225-4ed6-4de5-befd-10b9c750c109,Noviciis adolescentibus,1928,"Sacrobosco, Johannes de;Peurbach, Georg von;Regiomontanus, Johannes","Ratdolt, Erhard","Ratdolt, Erhard",Venice,1485,116,1470-1489,Large Center
http://sphaera.mpiwg-berlin.mpg.de/id/item/3ba2686c-40e0-4567-b7d1-5f7ccd163918,Opusculum Johannis de sacro busto spericum,1632,"Sacrobosco, Johannes de","Stöckel, Wolfgang","Stöckel, Wolfgang",Leipzig,1498,76,1490-1509,Medium Center
http://sphaera.mpiwg-berlin.mpg.de/id/item/50a54be5-bf44-4b4a-9272-aae97c8d0479,Sphera magistri Io. de Sacroboscho,1612,"Sacrobosco, Johannes de","Lavagna, Filippo da","Lavagna, Filippo da",Milan,1478,33,1470-1489,Small Center
http://sphaera.mpiwg-berlin.mpg.de/id/item/744e30cc-7361-4261-8697-04ae0ee1e8ce,Novicijs adolescentibus,1923,"Sacrobosco, Johannes de;Peurbach, Georg von;Regiomontanus, Johannes","Ratdolt, Erhard","Ratdolt, Erhard",Venice,1482,122,1470-1489,Large Center
http://sphaera.mpiwg-berlin.mpg.de/id/item/1169b643-3307-46cf-a0e6-8b238cbdf90d,Iohannis de sacro busto spericum opusculum,2200,"Sacrobosco, Johannes de","Kachelofen, Konrad","Kachelofen, Konrad",Leipzig,1489,64,1470-1489,Medium Center
http://sphaera.mpiwg-berlin.mpg.de/id/item/1ae4dad0-dd6c-4a3a-a9e7-14307ed038d0,Ioannis de Sacrobosco anglici v. c. spaera mondi feliciter incipit,1938,"Sacrobosco, Johannes de","Belfortis, Andreas","Belfortis, Andreas",Ferrara,1472,47,1470-1489,One Book Center
http://sphaera.mpiwg-berlin.mpg.de/id/item/25009440-b96f-489d-94a4-794f45fd558f,Tractatum de spaera,1609,"Sacrobosco, Johannes de","Pietro, Filippo di","Pietro, Filippo di",Venice,1475,56,1470-1489,Large Center
http://sphaera.mpiwg-berlin.mpg.de/id/item/8312e07d-119d-451a-a5a3-46f7c7724156,Opusculum Johannis de sacro busto spericum,1844,"Sacrobosco, Johannes de","Landsberg, Martin","Landsberg, Martin",Leipzig,1495,116,1490-1509,Medium Center
http://sphaera.mpiwg-berlin.mpg.de/id/item/91f89843-ee37-4393-8ece-bb8108429d52,Sphaerae mundi compendium foeliciter inchoat,1925,"Peurbach, Georg von;Regiomontanus, Johannes;Sacrobosco, Johannes de","Scoto I., Ottaviano","Locatello, Boneto",Venice,1490,94,1490-1509,Large Center
http://sphaera.mpiwg-berlin.mpg.de/id/item/b4926967-21d2-4aea-b885-f56be89961c2,Sphaera mundi,1926,"Sacrobosco, Johannes de;Peurbach, Georg von;Regiomontanus, Johannes","Trino, Guglielmo da","Trino, Guglielmo da",Venice,1491,96,1490-1509,Large Center
http://sphaera.mpiwg-berlin.mpg.de/id/item/b630a318-fc4d-48cc-9861-edc2957543ee,Opusculum Iohannis de Sacro Busto spericum,1626,"Sacrobosco, Johannes de","Landsberg, Martin","Landsberg, Martin",Leipzig,1494,86,1490-1509,Medium Center
http://sphaera.mpiwg-berlin.mpg.de/id/item/b8ed9630-587a-4c9e-ba21-d098ae5b44c9,Commentum super tractatum sphaerae mundi,1622,"Borro, Gasparino;Sacrobosco, Johannes de","Scoto I., Ottaviano","Locatello, Boneto",Venice,1494,91,1490-1509,Large Center
http://sphaera.mpiwg-berlin.mpg.de/id/item/bedb6d6a-d6e6-4bd5-bc30-5e12e4f0b7bd,Tractatus de sphera,1915,"Sacrobosco, Johannes de;Peurbach, Georg von;Regiomontanus, Johannes","Caillaut, Antoine","Caillaut, Antoine",Paris,1493,13,1490-1509,Large Center
http://sphaera.mpiwg-berlin.mpg.de/id/item/c14eb8dc-52b8-44cf-8f47-f73f91536ef3,Johannis de sacro busto spericum opusculum,1616,"Sacrobosco, Johannes de","Landsberg, Martin","Landsberg, Martin",Leipzig,1486,64,1470-1489,Medium Center
http://sphaera.mpiwg-berlin.mpg.de/id/item/ee022c55-f26f-4ab0-b5c7-19e36022a3b3,Tractatus De Sphera,1927,"Peurbach, Georg von;Regiomontanus, Johannes;Sacrobosco, Johannes de","Mittelhus, Georges","Mittelhus, Georges",Paris,1493,14,1490-1509,Large Center
http://sphaera.mpiwg-berlin.mpg.de/id/item/f03dbeb0-e550-4b03-8869-71eb284fa470,Novitiis adolescentibus,1618,"Sacrobosco, Johannes de;Peurbach, Georg von;Regiomontanus, Johannes","Hopyl, Wolfgang","Hopyl, Wolfgang",Paris,1489,28,1470-1489,Large Center
http://sphaera.mpiwg-berlin.mpg.de/id/item/feac37e4-707d-4bb3-9a91-f58fc2b8d611,Ioannis de sacrobosco anglici viri clarissimi spera mundi feliciter incipit,1611,"Sacrobosco, Johannes de",Adam of Rottweil,Adam of Rottweil,Venice,1478,32,1470-1489,Large Center
http://sphaera.mpiwg-berlin.mpg.de/id/item/00803cc3-4348-42dc-a991-4ab495fba4d6,Sphera materialis,1864,"Sacrobosco, Johannes de;Cammerlander, Jacob","Cammerlander, Jacob","Cammerlander, Jacob",Strasbourg,1533,64,1530-1549,Small Center
http://sphaera.mpiwg-berlin.mpg.de/id/item/0ad1e737-3da6-4de0-a031-f330ceee9ed3,"Liber Iohannis de Sacro Busto, de Sphaera",2091,"Sacrobosco, Johannes de;Melanchthon, Philipp","Klug, Joseph","Klug, Joseph",Wittenberg,1531,86,1530-1549,Large Center
http://sphaera.mpiwg-berlin.mpg.de/id/item/0bebed1f-5eb7-47b2-a3ad-71aa443ffad9,Sphera materialis,1655,"Sacrobosco, Johannes de","Gutknecht, Jobst","Gutknecht, Jobst",Nuremberg,1516,56,1510-1529,One Book Center
http://sphaera.mpiwg-berlin.mpg.de/id/item/0d51f877-df85-45e0-9705-85a894125108,Opus sphericum magistri Ioannis de Sacro busto,1642,"Sacrobosco, Johannes de",Company Heirs of Heinrich Quentell,Company Heirs of Heinrich Quentell,Cologne,1508,38,1490-1509,Medium Center
http://sphaera.mpiwg-berlin.mpg.de/id/item/112797a1-a453-46ab-96f9-0a695c50c7af,Textus de Sphera Johannis de Sacro bosco,1830,"Sacrobosco, Johannes de;Euclid;Lattes, Bonet de","Hopyl, Wolfgang","Hopyl, Wolfgang",Paris,1500,33,1490-1509,Large Center
http://sphaera.mpiwg-berlin.mpg.de/id/item/12f39575-5a33-498c-aa5b-7d3c352a8068,Opus sphericum magistri Ioannis de Sacrobustho,1794,"Sacrobosco, Johannes de",Company Heirs of Heinrich Quentell,Company Heirs of Heinrich Quentell,Cologne,1503,75,1490-1509,Medium Center
http://sphaera.mpiwg-berlin.mpg.de/id/item/13e74258-a76e-4085-8f50-748e17986768,Sphera mundi,1929,"d'Étaples, Jacques Lefèvre;Regiomontanus, Johannes;Gerard of Cremona;Scot, Michael;Grosseteste, Robert;Campano da Novara;d'Ascoli, Cecco;d'Ailly, Pierre;Theodosius of Bithynia;Ptolemy (ps.);Capuano di Manfredonia, Francesco","Giunta, Lucantonio","Giunta, Lucantonio",Venice,1518,473,1510-1529,Large Center
http://sphaera.mpiwg-berlin.mpg.de/id/item/27ffb50d-e686-4073-95ea-b3c35621765b,Astronomice sciencie sphaericum introductorium Ioannis de sacro busto,1640,"Sacrobosco, Johannes de","Stöckel, Wolfgang","Stöckel, Wolfgang",Leipzig,1503,118,1490-1509,Medium Center
http://sphaera.mpiwg-berlin.mpg.de/id/item/2d387cba-55e8-4fa6-82b0-f2f5f416f665,Opusculum Ioannis de Sacro Busto Spericum,1846,"Faber, Wenzel;Sacrobosco, Johannes de","Landsberg, Martin","Landsberg, Martin",Leipzig,1520,116,1510-1529,Medium Center
http://sphaera.mpiwg-berlin.mpg.de/id/item/18448ea9-1a85-4d18-8341-e57c2b379975,Sphera materialis,1877,"Sacrobosco, Johannes de","Aich, Arnd von","Aich, Arnd von",Cologne,1519,56,1510-1529,Medium Center
http://sphaera.mpiwg-berlin.mpg.de/id/item/1fe29d8a-2960-45b1-a4d0-f046a539c948,Figura sphere: cum glosis Georgii de Monteferrato,1634,"Ferrariis, Georgius de","Sessa I., Giovanni Battista","Sessa I., Giovanni Battista",Venice,1500,56,1490-1509,Large Center
http://sphaera.mpiwg-berlin.mpg.de/id/item/2fb9be6f-33b9-4ed2-b984-7c6e48fadc16,Textus De Sphera Johannis de Sacrobosco,1833,"Lattes, Bonet de;Sacrobosco, Johannes de;Euclid","Estienne I., Henri","Estienne I., Henri",Paris,1507,64,1490-1509,Large Center
http://sphaera.mpiwg-berlin.mpg.de/id/item/3327fdfd-03cc-4961-bae0-cc05322f4f26,"Ioannis de Sacro Busto libellus, De sphæra",1885,"Sacrobosco, Johannes de;Melanchthon, Philipp","Klug, Joseph","Klug, Joseph",Wittenberg,1538,216,1530-1549,Large Center
http://sphaera.mpiwg-berlin.mpg.de/id/item/3cc380fd-36ab-4645-a3a6-31f60f7e4703,Uberrimum sphere mundi commentum,1805,"d'Ailly, Pierre","Petit I., Jean","Petit I., Jean",Paris,1508,163,1490-1509,Large Center
http://sphaera.mpiwg-berlin.mpg.de/id/item/3f961080-f957-4830-8570-0acd18d665b4,Tractado da Spera do mundo,1646,"Sacrobosco, Johannes de","Gaillard, German","Gaillard, German",Lisbon,1510,72,1510-1529,Small Center
http://sphaera.mpiwg-berlin.mpg.de/id/item/4c3a4e97-21cc-4f3d-b2ef-522a67f0cbf8,Opusculum Johannis de sacro busto spericum,2100,"Sacrobosco, Johannes de","Stöckel, Wolfgang","Stöckel, Wolfgang",Leipzig,1499,98,1490-1509,Medium Center
http://sphaera.mpiwg-berlin.mpg.de/id/item/4cd2f465-90f5-4c73-929f-a715258547c3,Opusculum de sphera mundi Joannis de sacro busto,1804,"d'Ailly, Pierre;Ciruelo, Pedro;Sacrobosco, Johannes de","Eguia, Miguel de","Eguia, Miguel de",Alcalá de Henares,1526,146,1510-1529,One Book Center
http://sphaera.mpiwg-berlin.mpg.de/id/item/4f3f307b-5a9b-48ca-80a0-8565805e8b76,Opusculum Iohannis de sacro busto spericum,2194,"Faber, Wenzel;Sacrobosco, Johannes de","Landsberg, Martin","Landsberg, Martin",Leipzig,1517,116,1510-1529,Medium Center
http://sphaera.mpiwg-berlin.mpg.de/id/item/52ff2c5f-d7c6-44a9-b678-52993cd15f4e,Opusculum Johannis de sacrobusto spericum,1638,"Sacrobosco, Johannes de","Landsberg, Martin","Landsberg, Martin",Leipzig,1498,83,1490-1509,Medium Center
http://sphaera.mpiwg-berlin.mpg.de/id/item/33b87a1d-ba4c-4f4b-9591-1622fdc1585b,Opus sphericum Johannis de sacro busto,1845,"Sacrobosco, Johannes de","Quentell, Heinrich","Quentell, Heinrich",Cologne,1501,76,1490-1509,Medium Center
http://sphaera.mpiwg-berlin.mpg.de/id/item/377917de-915d-4dfc-a2fb-c50e1d735518,Textus de Sphaera Ioannis de Sacrobosco,1843,"Sacrobosco, Johannes de;Euclid;Lattes, Bonet de","Colines, Simon de","Colines, Simon de",Paris,1538,74,1530-1549,Large Center
http://sphaera.mpiwg-berlin.mpg.de/id/item/60829691-37d8-4dd3-9725-1e135da4a68c,Spherae tractatus Ioannis de Sacro Busto,1941,"Gerard of Cremona;Scot, Michael;Grosseteste, Robert;Gaurico, Luca;d'Ailly, Pierre;Vespucci, Bartolomeo;Bitrūǧi, Nūr al-Dīn Abū Isḥāq al-;Beldomandi, Prosdocimo;Capuano di Manfredonia, Francesco;Sacrobosco, Johannes de;d'Étaples, Jacques Lefèvre;Peurbach, Georg von;Regiomontanus, Johannes","Giunta, Lucantonio","Giunta, Lucantonio",Venice,1531,604,1530-1549,Large Center
http://sphaera.mpiwg-berlin.mpg.de/id/item/ace988b2-0920-4717-86e6-f82f1c18e35b,Uberrimum sphere mundi comentum,2153,"d'Ailly, Pierre","Petit I., Jean","Marchant, Guy",Paris,1498,246,1490-1509,Large Center
http://sphaera.mpiwg-berlin.mpg.de/id/item/b4b6cbab-b3a7-45dc-bf98-899d396680c7,"Liber Iohannis de Sacro Busto, de Sphera",1880,"Melanchthon, Philipp;Sacrobosco, Johannes de","Klug, Joseph","Klug, Joseph",Wittenberg,1534,86,1530-1549,Large Center
http://sphaera.mpiwg-berlin.mpg.de/id/item/aa7d8875-4b31-42a7-bdca-10c835d5e183,Ioannis de Sacro Busto Sphaera Mundialis,1679,"Sacrobosco, Johannes de","Chaudière, Regnault","Vidoue, Pierre",Paris,1534,29,1530-1549,Large Center
http://sphaera.mpiwg-berlin.mpg.de/id/item/b9ef3598-2df9-4211-88cd-bbd7bbe867a0,"Liber Ioannis de Sacro Busto, de Sphæra",1879,"Sacrobosco, Johannes de;Melanchthon, Philipp","Sessa I., Melchiorre",Company Giovanni Antonio Nicolini da Sabbio & brothers,Venice,1532,78,1530-1549,Large Center
http://sphaera.mpiwg-berlin.mpg.de/id/item/c21970c7-5ede-4b04-82c2-094ffc3ec362,Introductorium Compendiosum in Tractatum Spere materialis Magistri Joannnis de Sacrobusto,1859,"Sacrobosco, Johannes de;Ptolemaios, Klaudios;John of Glogów","Haller, Jan","Haller, Jan",Kraków,1506,144,1490-1509,Small Center
http://sphaera.mpiwg-berlin.mpg.de/id/item/c52bf677-de4f-4fe3-a69f-af3acebe6ecf,Ioannis De Sacrobosco Astronomi celeberrimi sphaericum opusculum,1948,"Szamotuł, Mateusz z;Sacrobosco, Johannes de","Ungler, Florian","Haller, Jan",Kraków,1522,158,1510-1529,Small Center
http://sphaera.mpiwg-berlin.mpg.de/id/item/c4e3aa6b-ac2e-4700-85d2-877b748342c6,Regimento do estrolabio e do quadrante,2119,Anonymous_Lisbon_1509_S,"Kempen, Hermann von","Kempen, Hermann von",Lisbon,1509,64,1490-1509,Small Center
http://sphaera.mpiwg-berlin.mpg.de/id/item/cbbd18cf-5cfc-4060-8da2-57f8a6ee0e45,Sphera volgare,1680,Mauro da Firenze,"Zanetti, Bartolomeo","Zanetti, Bartolomeo",Venice,1537,110,1530-1549,Large Center
http://sphaera.mpiwg-berlin.mpg.de/id/item/ce70370d-0cd9-42ed-91ab-4c6d318ef504,Sphaera mundi,1930,"Regiomontanus, Johannes;Sacrobosco, Johannes de;Peurbach, Georg von","Sessa I., Giovanni Battista","Sessa I., Giovanni Battista",Venice,1501,94,1490-1509,Large Center
http://sphaera.mpiwg-berlin.mpg.de/id/item/db030633-9eb9-4425-a244-52a6a8d90d90,Introductorium com pendiosum in tractatum sphere materialis magistri Ioannis de Sacrobusto,1858,"John of Glogów;Sacrobosco, Johannes de","Knobloch I, Johann","Knobloch I, Johann",Strasbourg,1518,110,1510-1529,Small Center
http://sphaera.mpiwg-berlin.mpg.de/id/item/dca5d45d-e20c-4b19-9206-bca1e8f0db3a,Textus Spere materialis Joannis de Sacrobusto,1949,"Tockler, Konrad;Sacrobosco, Johannes de;Thābit ibn Qurra","Landsberg, Martin","Landsberg, Martin",Leipzig,1503,80,1490-1509,Medium Center
http://sphaera.mpiwg-berlin.mpg.de/id/item/cebcd29c-cbc6-4f71-b7fb-3fe94d104e8a,Silvestri de Prierio in spheram ac Theoricas preclarissima Commentaria,2092,"Mazzolini, Silvestro","Ponte, Gottardo da","Ponte, Gottardo da",Milan,1514,224,1510-1529,Small Center
http://sphaera.mpiwg-berlin.mpg.de/id/item/f5556437-0f45-4536-990e-5228623a8b2c,Sphera Mundi,1826,"d'Ascoli, Cecco;Capuano di Manfredonia, Francesco;d'Étaples, Jacques Lefèvre","Bevilacqua, Simone","Bevilacqua, Simone",Venice,1499,292,1490-1509,Large Center
http://sphaera.mpiwg-berlin.mpg.de/id/item/d488b718-5a8a-475a-aa06-e3e227dc1eb4,Spherae Mundi,1942,"Sacrobosco, Johannes de;Peurbach, Georg von;Regiomontanus, Johannes","Sessa I., Melchiorre","Penzio, Giacomo",Venice,1519,96,1510-1529,Large Center
http://sphaera.mpiwg-berlin.mpg.de/id/item/f8d4c04c-5742-48d6-b06a-5389e0d14e8a,Textus spere materialis Ioannis de Sacrobusto,1648,"Sacrobosco, Johannes de","Landsberg, Martin","Landsberg, Martin",Leipzig,1510,76,1510-1529,Medium Center
http://sphaera.mpiwg-berlin.mpg.de/id/item/f9654094-e370-4564-9b4e-13a7081c98fa,Textus de sphaera Ioannis de Sacrobosco,1832,"Lattes, Bonet de;Sacrobosco, Johannes de;Euclid","Colines, Simon de","Colines, Simon de",Paris,1531,36,1530-1549,Large Center
http://sphaera.mpiwg-berlin.mpg.de/id/item/fa32b632-8297-4c26-8185-206ee7bcbcd1,Tractatus de sphera,1922,"Regiomontanus, Johannes;Sacrobosco, Johannes de;Peurbach, Georg von","Flach I., Martin","Flach I., Martin",Strasbourg,1490,24,1490-1509,Small Center
http://sphaera.mpiwg-berlin.mpg.de/id/item/fc218031-58e6-4b89-a4af-223647398c34,Textus de sphaera Ioannis de Sacrobosco,1870,"Sacrobosco, Johannes de;Euclid;Lattes, Bonet de","Colines, Simon de","Colines, Simon de",Paris,1521,39,1510-1529,Large Center
http://sphaera.mpiwg-berlin.mpg.de/id/item/0128e2b3-f870-4744-a96e-53cdb06559a2,Iohannis de Sacro Busto Libellus de sphaera,1896,"Melanchthon, Philipp;Sacrobosco, Johannes de","Krafft the Elder, Johann","Krafft the Elder, Johann",Wittenberg,1568,278,1550-1569,Large Center
http://sphaera.mpiwg-berlin.mpg.de/id/item/01f9af0a-2897-4249-b9e8-b61257f41dfb,Sphaera Ioannis de Sacro Bosco,1955,"Vinet, Élie;Nunes, Pedro;Valeriano, Pierio;Sacrobosco, Johannes de","Cavellat, Guillaume","Cavellat, Guillaume",Paris,1561,205,1550-1569,Large Center
http://sphaera.mpiwg-berlin.mpg.de/id/item/0a8d48d3-7224-4b43-bd8d-f9ddbf019caf,In Sphaeram Ioannis de Sacro Bosco commentarius,1807,"Sacrobosco, Johannes de;Clavius, Christoph",Company Francesco Zanetti & Domenico Basa,Company Francesco Zanetti & Domenico Basa,Rome,1581,500,1570-1589,Small Center
http://sphaera.mpiwg-berlin.mpg.de/id/item/0c9a708f-b9c4-4c3e-a54f-2e0d4860f100,Sphaera Ioannis de Sacro Bosco,1968,"Nunes, Pedro;Valeriano, Pierio;Giuntini, Francesco;Sacrobosco, Johannes de;Vinet, Élie",Company Heirs of Jacopo Giunta,"Barbier, Symphorien",Lyon,1567,240,1550-1569,Medium Center
http://sphaera.mpiwg-berlin.mpg.de/id/item/0da9b137-2286-42f4-b4f9-c8c6e62d3538,De la Sfera del Mondo,2062,"Piccolòmini, Alessandro","Arrivabene, Andrea",Company Giovanni Antonio Volpini & Domenico Volpini (brothers),Venice,1540,376,1530-1549,Large Center
http://sphaera.mpiwg-berlin.mpg.de/id/item/0ebee0d0-cea4-4476-b577-f3079faca01f,Qvæstiones novae in libellvm de sphæra Ioannis de Sacro Bosco,1786,"Sacrobosco, Johannes de;Beyer, Hartmann","Cavellat, Guillaume","Cavellat, Guillaume",Paris,1562,150,1550-1569,Large Center
http://sphaera.mpiwg-berlin.mpg.de/id/item/0fd18ec6-f67b-4f77-9366-f616808d5945,Sphaera Ioannis de Sacro Bosco,1730,"Vinet, Élie;Giuntini, Francesco;Sacrobosco, Johannes de","Bellère, Jean","Rade, Gilles van den",Antwerp,1573,312,1570-1589,Medium Center
http://sphaera.mpiwg-berlin.mpg.de/id/item/11417c32-ee2f-43cd-a032-d5ead5bd8069,Speculum astrologiae,2190,"Sacrobosco, Johannes de;Peurbach, Georg von;Giuntini, Francesco","Béraud, Symphorien","Béraud, Symphorien",Lyon,1583,1230,1570-1589,Medium Center
http://sphaera.mpiwg-berlin.mpg.de/id/item/1ee6100e-c830-49da-8713-977fbef01c31,Sphaera Ioannis De Sacro Bosco,1952,"Valeriano, Pierio;Sacrobosco, Johannes de;Melanchthon, Philipp;Vinet, Élie","Cavellat, Guillaume","Cavellat, Guillaume",Paris,1551,208,1550-1569,Large Center
http://sphaera.mpiwg-berlin.mpg.de/id/item/1fab0583-bfc4-4376-98b2-c510a6f3c565,Iohannis de Sacro Busto Libellvs de sphaera,1903,"Melanchthon, Philipp;Sacrobosco, Johannes de","Krafft the Elder, Johann","Krafft the Elder, Johann",Wittenberg,1561,267,1550-1569,Large Center
http://sphaera.mpiwg-berlin.mpg.de/id/item/2164ca9b-4f02-41d3-8f23-b60f85ab4cfc,Quaestiones in libellum de sphaera Ioannis de Sacro Busto,2148,"Sacrobosco, Johannes de;Beyer, Hartmann","Braubach, Peter","Braubach, Peter",Frankfurt (Main),1560,338,1550-1569,Medium Center
http://sphaera.mpiwg-berlin.mpg.de/id/item/21e629e9-89b5-4609-8c34-733a8da34482,Sphaera Ioannis de Sacro Bosco,1902,"Melanchthon, Philipp;Vinet, Élie;Valeriano, Pierio;Sacrobosco, Johannes de","Cavellat, Guillaume","Cavellat, Guillaume",Paris,1552,104,1550-1569,Large Center
http://sphaera.mpiwg-berlin.mpg.de/id/item/2253e3b7-423b-45d2-916a-e2fdd674ff31,Ioannis de Sacro Bvsto Libellvs de sphæra,1897,"Sacrobosco, Johannes de;Melanchthon, Philipp",Company Heirs of Peter I. Seitz,Company Heirs of Peter I. Seitz,Wittenberg,1574,274,1570-1589,Large Center
http://sphaera.mpiwg-berlin.mpg.de/id/item/239e72cb-9092-48e5-bdd7-d9243d333b66,La sfera di messer Giovanni Sacrobosco,1936,"Sacrobosco, Johannes de;Danti, Piervincenzo","Giunta, Jacopo","Giunta, Jacopo",Florence,1579,81,1570-1589,Small Center
http://sphaera.mpiwg-berlin.mpg.de/id/item/2416b698-4bf4-4ecd-8b0d-ca356c37c8f0,Qvaestiones Novae In Libellum De Sphaera Ioannis de Sacro Bosco,1780,"Sacrobosco, Johannes de;Beyer, Hartmann","Cavellat, Guillaume","Cavellat, Guillaume",Paris,1551,157,1550-1569,Large Center
http://sphaera.mpiwg-berlin.mpg.de/id/item/2467fa60-9fa2-45ae-a47c-23ba212309dc,Sphaera Ioannis de Sacro Bosco,1857,"Nunes, Pedro;Giuntini, Francesco;Sacrobosco, Johannes de;Vinet, Élie",Company Heirs of Arnold Birckmann,Company Heirs of Arnold Birckmann,Antwerp,1566,226,1550-1569,Medium Center
http://sphaera.mpiwg-berlin.mpg.de/id/item/2b76c13e-500d-4a32-b38c-ecea8c780b90,Novae quaestiones sphaerae,2161,"Dietrich, Sebastian",Company Anton Schöne & Clemens Schleich,Company Anton Schöne & Clemens Schleich,Wittenberg,1573,352,1570-1589,Large Center
http://sphaera.mpiwg-berlin.mpg.de/id/item/2f3386ba-5004-45cc-8b22-6d8835f13d04,Sphaera Ioannis de Sacrobusto,1722,"Sacrobosco, Johannes de","Rampazetto, Francesco","Rampazetto, Francesco",Venice,1564,64,1550-1569,Large Center
http://sphaera.mpiwg-berlin.mpg.de/id/item/30d49718-7659-48be-b551-d6ad8829a30b,Sphaera Ioannis De Sacrobusto,1710,"Sacrobosco, Johannes de","Sessa I., Melchiorre",Company Heirs of Giovanni Padovani,Venice,1557,64,1550-1569,Large Center
http://sphaera.mpiwg-berlin.mpg.de/id/item/9a9296d8-73f9-4959-b01a-ce257c90209a,La Sphere de Iean de Sacrobosco,1739,"Sacrobosco, Johannes de",Company Jérôme de Marnef & Widow of Guillaume Cavellat (Denise de Marnef),Company Jérôme de Marnef & Widow of Guillaume Cavellat (Denise de Marnef),Paris,1584,121,1570-1589,Large Center
http://sphaera.mpiwg-berlin.mpg.de/id/item/b9617e2e-7b8e-489a-8d31-6c53d19d58e4,Tratado da sphera,1910,"Ptolemaios, Klaudios;Nunes, Pedro","Gaillard, German","Gaillard, German",Lisbon,1537,186,1530-1549,Small Center
http://sphaera.mpiwg-berlin.mpg.de/id/item/d01622f4-5140-4900-89e4-31c99963be00,Textus de sphaera Ioannis de Sacrobosco,1869,"Sacrobosco, Johannes de;Euclid;Lattes, Bonet de","Colines, Simon de","Colines, Simon de",Paris,1527,70,1510-1529,Large Center
http://sphaera.mpiwg-berlin.mpg.de/id/item/d6fcee48-57d6-4d60-93c9-8b0a08a93f46,Liber Ioannis de Sacro Busto de sphaera,1883,"Melanchthon, Philipp;Sacrobosco, Johannes de",Company Francesco Bindoni I & Maffeo Pasini,Company Francesco Bindoni I & Maffeo Pasini,Venice,1537,64,1530-1549,Large Center
http://sphaera.mpiwg-berlin.mpg.de/id/item/24d7c23f-1a4d-45df-b1fe-e810a45501bc,"Elementa doctrinae de circulis coelestibus, et primo motu",2171,"Peucer, Kaspar","Gronenberg, Simon","Gronenberg, Simon",Wittenberg,1587,314,1570-1589,Large Center
http://sphaera.mpiwg-berlin.mpg.de/id/item/2ad15c5f-911a-4029-b16a-575c02aef916,Tractado de la Sphera,1697,"Chaves, Jerónimo de;Sacrobosco, Johannes de","León, Juan de","León, Juan de",Seville,1548,442,1530-1549,Small Center
http://sphaera.mpiwg-berlin.mpg.de/id/item/2b0670f5-f84b-42e3-b8ab-17b6549b8670,"Paradoxes de Meynier, contre les Mathematiciens, qui abusent la ieunesse",1905,"Proklos Diadochos;Meynier, Honorat de;Sacrobosco, Johannes de;Euclid;Archimedes;Aristotle","Jacquin, Julien I.","Jacquin, Julien I.",Paris,1624,480,1610-1629,Large Center
http://sphaera.mpiwg-berlin.mpg.de/id/item/2e64e3a9-b3e7-4e28-8aaa-5e94ae441963,Sphaera,1980,Anonymous_Leipzig_1614_S,"Grosse, Henning II.","Jansonius, Justus",Leipzig,1622,293,1610-1629,Medium Center
http://sphaera.mpiwg-berlin.mpg.de/id/item/4a74bfb7-a68f-4901-ba08-f251592707cb,Sphaera Ioannis de Sacrobosco,1963,"Valeriano, Pierio;Martin, Jacques;Sacrobosco, Johannes de;Vinet, Élie;Nunes, Pedro","Denise Cavellat, Widow of Arnold Sittart","Denise Cavellat, Widow of Arnold Sittart",Paris,1608,214,1590-1609,Large Center
http://sphaera.mpiwg-berlin.mpg.de/id/item/2ed541b1-163e-4d38-85ac-ec144d428dc1,Sphaera Johannis de Sacro-Bosco,1800,"Burgersdijk, Franco;Sacrobosco, Johannes de",Company Bonaventura Elsevier & Abraham Elsevier,Company Bonaventura Elsevier & Abraham Elsevier,Leiden,1647,120,1630-1650,Small Center
http://sphaera.mpiwg-berlin.mpg.de/id/item/3320cd53-7a45-4ebc-a4f1-a13b4e908fd1,Libellus de Sphaera Johannis de Sacro Busto,1899,"Sacrobosco, Johannes de;Melanchthon, Philipp",Company Widow & heirs of Zacharias I. Schürer,Company Widow & heirs of Zacharias I. Schürer,Wittenberg,1629,250,1610-1629,Large Center
http://sphaera.mpiwg-berlin.mpg.de/id/item/4bf3bbe4-5ce3-4858-8cb4-16ac939c5a77,Cosmographica in astronomiam et geographiam isagoge,2240,"Dodoens, Rembert","Loe, Jan vander","Loe, Jan vander",Antwerp,1548,114,1530-1549,Medium Center
http://sphaera.mpiwg-berlin.mpg.de/id/item/4c1b571c-cd63-4101-a292-d4e86470231d,Cosmografia in quattro libri divisa,2188,"Barozzi, Francesco","Percacino, Grazioso","Percacino, Grazioso",Venice,1607,254,1590-1609,Large Center
http://sphaera.mpiwg-berlin.mpg.de/id/item/51457f9b-2ba9-45fc-823d-154e944c8d9a,Sfera di Gio. Sacro Bosco,1921,"Sacrobosco, Johannes de;Pifferi, Francesco","Marchetti, Silvestro","Marchetti, Silvestro",Siena,1604,424,1590-1609,One Book Center
http://sphaera.mpiwg-berlin.mpg.de/id/item/810ba049-53e1-474c-96de-da17d7c69d5e,In Sphæram Ioannis de Sacro Bosco Commentarius,1812,"Sacrobosco, Johannes de;Clavius, Christoph","Basa, Isabetta","Ciotti, Giovanni Battista",Venice,1601,524,1590-1609,Large Center
http://sphaera.mpiwg-berlin.mpg.de/id/item/84318d12-e047-41a4-82e6-cc52c2978d90,"In Sphaeram Ioannis de Sacro Bosco, Commentarius",1813,"Sacrobosco, Johannes de;Clavius, Christoph","Gabiano, Jean de","Gabiano, Jean de",Lyon,1602,627,1590-1609,Medium Center
http://sphaera.mpiwg-berlin.mpg.de/id/item/84b79447-cf7f-4e67-a565-5dab46100679,"In Sphaeram Ioannis de Sacro Bosco, commentarius",1821,"Sacrobosco, Johannes de;Clavius, Christoph","Crispin, Samuel","Crispin, Samuel",Saint Gervais,1602,595,1590-1609,Small Center
http://sphaera.mpiwg-berlin.mpg.de/id/item/924ce660-be70-431c-b627-d069824a24e1,In Sphaeram Ioannis de Sacro Bosco. Commentarius,1817,"Clavius, Christoph;Sacrobosco, Johannes de","Gelli, Giovanni Paolo","Zanetti, Luigi",Rome,1607,720,1590-1609,Small Center
http://sphaera.mpiwg-berlin.mpg.de/id/item/95c8ac0f-9488-429a-bb5e-8c9f0d91de6a,"De sphaera, seu primi mobilis rudimentis libellus",2183,"Regiomontanus, Johannes;Blebel, Thomas",Company Heirs of Samuel Selfisch,Company Heirs of Andreas Kelner,Wittenberg,1616,288,1610-1629,Large Center
http://sphaera.mpiwg-berlin.mpg.de/id/item/97c67646-42b8-407a-90a4-6cc11b055ab9,Sphaera Ioannis de Sacro Bosco,1972,"Vinet, Élie;Nunes, Pedro;Valeriano, Pierio;Sacrobosco, Johannes de",Company Heirs of Girolamo Scoto,Company Heirs of Girolamo Scoto,Venice,1620,173,1610-1629,Large Center
http://sphaera.mpiwg-berlin.mpg.de/id/item/9b20f27f-23ed-4377-bafc-d6c30a50e1ec,Sphaera Iohannis de Sacro-Bosco,1799,"Burgersdijk, Franco;Sacrobosco, Johannes de",Company Bonaventura Elsevier & Abraham Elsevier,Company Bonaventura Elsevier & Abraham Elsevier,Leiden,1639,130,1630-1650,Small Center
