,region,type,cluster_name,pageURL,coordinates,book_id,book_title,page_number,part,part_title,part_id
31,http://dev.sphaera.mpiwg-berlin.mpg.de/container/ImageRegions.Container/62ed7151-6731-40bd-807e-60166a29c889,Content Illustration,SAC_SIL_00024,http://devmeta.sphaera.mpiwg-berlin.mpg.de/resource/:viewPage?pageiri=http%3A%2F%2Fcontent.mpiwg-berlin.mpg.de%2Fmpiwg%2Fonline%2Fpermanent%2Fsphaera%2F2244_scribonius_disciplina_1591%2Fpageimg%2F2244_scribonius_disciplina_1591_p47.jpg,"244,271,160,153",2244,Disciplina sphaerica,47,http://sphaera.mpiwg-berlin.mpg.de/id/part/e88392dc-180f-4ffb-8a1b-e4ac79676d98,"Isagoge by Scribonius (extended, illustrated)",661
552,http://dev.sphaera.mpiwg-berlin.mpg.de/container/ImageRegions.Container/b60c5d12-b387-4ad0-b3ff-6e818f430afe,Content Illustration,SAC_SIL_00155,http://devmeta.sphaera.mpiwg-berlin.mpg.de/resource/:viewPage?pageiri=http%3A%2F%2Fcontent.mpiwg-berlin.mpg.de%2Fmpiwg%2Fonline%2Fpermanent%2Fsphaera%2F2171_peucer_elementa_1587%2Fpageimg%2F2171_peucer_elementa_1587_p290.jpg,"160,809,377,382",2171,"Elementa doctrinae de circulis coelestibus, et primo motu",290,http://sphaera.mpiwg-berlin.mpg.de/id/part/b17ffe26-f7fa-41c8-8375-5088ba3ddcc5,Elements of the Sphere,309
585,http://dev.sphaera.mpiwg-berlin.mpg.de/container/ImageRegions.Container/75b3fa50-f4a9-43e6-a679-27835accdc6c,Content Illustration,SAC_SIL_00162,http://devmeta.sphaera.mpiwg-berlin.mpg.de/resource/:viewPage?pageiri=http%3A%2F%2Fcontent.mpiwg-berlin.mpg.de%2Fmpiwg%2Fonline%2Fpermanent%2Fsphaera%2F1819_clavius_works_vol_03_1611%2Fpageimg%2F1819_clavius_works_vol_03_1611_p658.jpg,"859,1160,423,456",1819,Christophori Clavii Bambergensis e Societate Iesu Operum Mathematicorum,658,http://sphaera.mpiwg-berlin.mpg.de/id/part/9583d6ac-b4d8-4c1c-b09a-bb79032d2ba5,On Astrolabes by Clavius,384
631,http://dev.sphaera.mpiwg-berlin.mpg.de/container/ImageRegions.Container/d8f6f6cb-cda3-4dc0-be28-07e624bd95c4,Content Illustration,SAC_SIL_00197,http://devmeta.sphaera.mpiwg-berlin.mpg.de/resource/:viewPage?pageiri=http%3A%2F%2Fcontent.mpiwg-berlin.mpg.de%2Fmpiwg%2Fonline%2Fpermanent%2Fsphaera%2F2161_dietrich_quaestiones_1573%2Fpageimg%2F2161_dietrich_quaestiones_1573_p184.jpg,"149,990,625,608",2161,Novae quaestiones sphaerae,184,http://sphaera.mpiwg-berlin.mpg.de/id/part/5c57a2e5-a4b8-4717-946c-7bc5092918db,Quaestiones by S. Dietrich,370
633,http://dev.sphaera.mpiwg-berlin.mpg.de/container/ImageRegions.Container/dd847c85-bc0b-4a22-9ad4-1bba6dd37634,Content Illustration,SAC_SIL_00197,http://devmeta.sphaera.mpiwg-berlin.mpg.de/resource/:viewPage?pageiri=http%3A%2F%2Fcontent.mpiwg-berlin.mpg.de%2Fmpiwg%2Fonline%2Fpermanent%2Fsphaera%2F2161_dietrich_quaestiones_1573%2Fpageimg%2F2161_dietrich_quaestiones_1573_p166.jpg,"152,965,626,633",2161,Novae quaestiones sphaerae,166,http://sphaera.mpiwg-berlin.mpg.de/id/part/5c57a2e5-a4b8-4717-946c-7bc5092918db,Quaestiones by S. Dietrich,370
634,http://dev.sphaera.mpiwg-berlin.mpg.de/container/ImageRegions.Container/33fbd251-7e42-4e9c-923e-d0e990b9aef5,Content Illustration,SAC_SIL_00197,http://devmeta.sphaera.mpiwg-berlin.mpg.de/resource/:viewPage?pageiri=http%3A%2F%2Fcontent.mpiwg-berlin.mpg.de%2Fmpiwg%2Fonline%2Fpermanent%2Fsphaera%2F2161_dietrich_quaestiones_1573%2Fpageimg%2F2161_dietrich_quaestiones_1573_p220.jpg,"149,986,628,608",2161,Novae quaestiones sphaerae,220,http://sphaera.mpiwg-berlin.mpg.de/id/part/5c57a2e5-a4b8-4717-946c-7bc5092918db,Quaestiones by S. Dietrich,370
635,http://dev.sphaera.mpiwg-berlin.mpg.de/container/ImageRegions.Container/1280141e-2feb-41d0-af1b-535c8fd76b5a,Content Illustration,SAC_SIL_00197,http://devmeta.sphaera.mpiwg-berlin.mpg.de/resource/:viewPage?pageiri=http%3A%2F%2Fcontent.mpiwg-berlin.mpg.de%2Fmpiwg%2Fonline%2Fpermanent%2Fsphaera%2F2161_dietrich_quaestiones_1573%2Fpageimg%2F2161_dietrich_quaestiones_1573_p186.jpg,"137,970,635,642",2161,Novae quaestiones sphaerae,186,http://sphaera.mpiwg-berlin.mpg.de/id/part/5c57a2e5-a4b8-4717-946c-7bc5092918db,Quaestiones by S. Dietrich,370
819,http://dev.sphaera.mpiwg-berlin.mpg.de/container/ImageRegions.Container/767c6801-1af5-4802-a5e0-40af33ffbd27,Content Illustration,SAC_SIL_00256,http://devmeta.sphaera.mpiwg-berlin.mpg.de/resource/:viewPage?pageiri=http%3A%2F%2Fcontent.mpiwg-berlin.mpg.de%2Fmpiwg%2Fonline%2Fpermanent%2Fsphaera%2F1741_sacrobosco_sphaera_1594%2Fpageimg%2F1741_sacrobosco_sphaera_1594_p200.jpg,"152,170,726,1090",1741,Sphaera Ioannis de Sacrobosco,200,http://sphaera.mpiwg-berlin.mpg.de/id/part/47ca1af2-b91f-4453-9f46-45b4d9ccdfb4,Compendium by P. Valeriano,251
848,http://dev.sphaera.mpiwg-berlin.mpg.de/container/ImageRegions.Container/48290c9e-2703-423a-9752-2ff9a1f5d733,Content Illustration,SAC_SIL_00259,http://devmeta.sphaera.mpiwg-berlin.mpg.de/resource/:viewPage?pageiri=http%3A%2F%2Fcontent.mpiwg-berlin.mpg.de%2Fmpiwg%2Fonline%2Fpermanent%2Fsphaera%2F2244_scribonius_disciplina_1591%2Fpageimg%2F2244_scribonius_disciplina_1591_p68.jpg,"67,503,330,329",2244,Disciplina sphaerica,68,http://sphaera.mpiwg-berlin.mpg.de/id/part/e88392dc-180f-4ffb-8a1b-e4ac79676d98,"Isagoge by Scribonius (extended, illustrated)",661
943,http://dev.sphaera.mpiwg-berlin.mpg.de/container/ImageRegions.Container/56a1d02a-6868-4b1a-84c0-0c7b8577c870,Content Illustration,SAC_SIL_00267,http://devmeta.sphaera.mpiwg-berlin.mpg.de/resource/:viewPage?pageiri=http%3A%2F%2Fcontent.mpiwg-berlin.mpg.de%2Fmpiwg%2Fonline%2Fpermanent%2Fsphaera%2F1741_sacrobosco_sphaera_1594%2Fpageimg%2F1741_sacrobosco_sphaera_1594_p198.jpg,"281,977,545,473",1741,Sphaera Ioannis de Sacrobosco,198,http://sphaera.mpiwg-berlin.mpg.de/id/part/47ca1af2-b91f-4453-9f46-45b4d9ccdfb4,Compendium by P. Valeriano,251
1032,http://dev.sphaera.mpiwg-berlin.mpg.de/container/ImageRegions.Container/5080e79b-8b87-4dc6-a776-eaa8080bbe2c,Content Illustration,SAC_SIL_00282,http://devmeta.sphaera.mpiwg-berlin.mpg.de/resource/:viewPage?pageiri=http%3A%2F%2Fcontent.mpiwg-berlin.mpg.de%2Fmpiwg%2Fonline%2Fpermanent%2Fsphaera%2F2161_dietrich_quaestiones_1573%2Fpageimg%2F2161_dietrich_quaestiones_1573_p225.jpg,"440,207,739,705",2161,Novae quaestiones sphaerae,225,http://sphaera.mpiwg-berlin.mpg.de/id/part/5c57a2e5-a4b8-4717-946c-7bc5092918db,Quaestiones by S. Dietrich,370
1051,http://dev.sphaera.mpiwg-berlin.mpg.de/container/ImageRegions.Container/c17a9d8b-6eb3-4d70-b493-3aeef04be8f5,Content Illustration,SAC_SIL_00282,http://devmeta.sphaera.mpiwg-berlin.mpg.de/resource/:viewPage?pageiri=http%3A%2F%2Fcontent.mpiwg-berlin.mpg.de%2Fmpiwg%2Fonline%2Fpermanent%2Fsphaera%2F2179_blebel_libellus_1611%2Fpageimg%2F2179_blebel_libellus_1611_p200.jpg,"109,75,593,606",2179,"De Sphaera, et primis astronomiae rudimentis",200,http://sphaera.mpiwg-berlin.mpg.de/id/part/1d1d919c-3508-4f6e-894a-9d4edce61dd8,Blebel's four books on the Sphere,503
1055,http://dev.sphaera.mpiwg-berlin.mpg.de/container/ImageRegions.Container/89a1140a-bd88-45a5-9a2b-3d81c65d0413,Content Illustration,SAC_SIL_00282,http://devmeta.sphaera.mpiwg-berlin.mpg.de/resource/:viewPage?pageiri=http%3A%2F%2Fcontent.mpiwg-berlin.mpg.de%2Fmpiwg%2Fonline%2Fpermanent%2Fsphaera%2F2179_blebel_libellus_1611%2Fpageimg%2F2179_blebel_libellus_1611_p190.jpg,"78,83,606,611",2179,"De Sphaera, et primis astronomiae rudimentis",190,http://sphaera.mpiwg-berlin.mpg.de/id/part/1d1d919c-3508-4f6e-894a-9d4edce61dd8,Blebel's four books on the Sphere,503
1057,http://dev.sphaera.mpiwg-berlin.mpg.de/container/ImageRegions.Container/89a1140a-bd88-45a5-9a2b-3d81c65d0413,Content Illustration,SAC_SIL_00282,http://devmeta.sphaera.mpiwg-berlin.mpg.de/resource/:viewPage?pageiri=http%3A%2F%2Fcontent.mpiwg-berlin.mpg.de%2Fmpiwg%2Fonline%2Fpermanent%2Fsphaera%2F2179_blebel_libellus_1611%2Fpageimg%2F2179_blebel_libellus_1611_p190.jpg,"78,83,606,611",2179,"De Sphaera, et primis astronomiae rudimentis",190,http://sphaera.mpiwg-berlin.mpg.de/id/part/8e030ad5-fa65-40dd-87b0-99c2dd7ce5c8,Blebel's treatise to calculate distances between places,504
1058,http://dev.sphaera.mpiwg-berlin.mpg.de/container/ImageRegions.Container/c17a9d8b-6eb3-4d70-b493-3aeef04be8f5,Content Illustration,SAC_SIL_00282,http://devmeta.sphaera.mpiwg-berlin.mpg.de/resource/:viewPage?pageiri=http%3A%2F%2Fcontent.mpiwg-berlin.mpg.de%2Fmpiwg%2Fonline%2Fpermanent%2Fsphaera%2F2179_blebel_libellus_1611%2Fpageimg%2F2179_blebel_libellus_1611_p200.jpg,"109,75,593,606",2179,"De Sphaera, et primis astronomiae rudimentis",200,http://sphaera.mpiwg-berlin.mpg.de/id/part/8e030ad5-fa65-40dd-87b0-99c2dd7ce5c8,Blebel's treatise to calculate distances between places,504
1117,http://dev.sphaera.mpiwg-berlin.mpg.de/container/ImageRegions.Container/5fdb8f3f-ee9b-4393-b5fa-1efefc08b8bc,Content Illustration,SAC_SIL_00285,http://devmeta.sphaera.mpiwg-berlin.mpg.de/resource/:viewPage?pageiri=http%3A%2F%2Fcontent.mpiwg-berlin.mpg.de%2Fmpiwg%2Fonline%2Fpermanent%2Fsphaera%2F1741_sacrobosco_sphaera_1594%2Fpageimg%2F1741_sacrobosco_sphaera_1594_p198.jpg,"126,101,430,451",1741,Sphaera Ioannis de Sacrobosco,198,http://sphaera.mpiwg-berlin.mpg.de/id/part/47ca1af2-b91f-4453-9f46-45b4d9ccdfb4,Compendium by P. Valeriano,251
1180,http://dev.sphaera.mpiwg-berlin.mpg.de/container/ImageRegions.Container/b70cc213-a3b9-4340-9d44-c9d5e6b9ddab,Content Illustration,SAC_SIL_00297,http://devmeta.sphaera.mpiwg-berlin.mpg.de/resource/:viewPage?pageiri=http%3A%2F%2Fcontent.mpiwg-berlin.mpg.de%2Fmpiwg%2Fonline%2Fpermanent%2Fsphaera%2F2161_dietrich_quaestiones_1573%2Fpageimg%2F2161_dietrich_quaestiones_1573_p179.jpg,"766,1152,467,464",2161,Novae quaestiones sphaerae,179,http://sphaera.mpiwg-berlin.mpg.de/id/part/5c57a2e5-a4b8-4717-946c-7bc5092918db,Quaestiones by S. Dietrich,370
1181,http://dev.sphaera.mpiwg-berlin.mpg.de/container/ImageRegions.Container/84e8392a-4cba-4a81-8e56-bb90f6e3ace2,Content Illustration,SAC_SIL_00297,http://devmeta.sphaera.mpiwg-berlin.mpg.de/resource/:viewPage?pageiri=http%3A%2F%2Fcontent.mpiwg-berlin.mpg.de%2Fmpiwg%2Fonline%2Fpermanent%2Fsphaera%2F2161_dietrich_quaestiones_1573%2Fpageimg%2F2161_dietrich_quaestiones_1573_p161.jpg,"771,1142,466,460",2161,Novae quaestiones sphaerae,161,http://sphaera.mpiwg-berlin.mpg.de/id/part/5c57a2e5-a4b8-4717-946c-7bc5092918db,Quaestiones by S. Dietrich,370
1182,http://dev.sphaera.mpiwg-berlin.mpg.de/container/ImageRegions.Container/ea8836e1-372e-414c-ab95-7c6ba1c2024c,Content Illustration,SAC_SIL_00297,http://devmeta.sphaera.mpiwg-berlin.mpg.de/resource/:viewPage?pageiri=http%3A%2F%2Fcontent.mpiwg-berlin.mpg.de%2Fmpiwg%2Fonline%2Fpermanent%2Fsphaera%2F2161_dietrich_quaestiones_1573%2Fpageimg%2F2161_dietrich_quaestiones_1573_p215.jpg,"772,1133,472,479",2161,Novae quaestiones sphaerae,215,http://sphaera.mpiwg-berlin.mpg.de/id/part/5c57a2e5-a4b8-4717-946c-7bc5092918db,Quaestiones by S. Dietrich,370
1226,http://dev.sphaera.mpiwg-berlin.mpg.de/container/ImageRegions.Container/1e94acd4-2e5a-4106-8802-e49e4f17a51f,Content Illustration,SAC_SIL_00310,http://devmeta.sphaera.mpiwg-berlin.mpg.de/resource/:viewPage?pageiri=http%3A%2F%2Fcontent.mpiwg-berlin.mpg.de%2Fmpiwg%2Fonline%2Fpermanent%2Fsphaera%2F1819_clavius_works_vol_03_1611%2Fpageimg%2F1819_clavius_works_vol_03_1611_p625.jpg,"369,622,1007,1375",1819,Christophori Clavii Bambergensis e Societate Iesu Operum Mathematicorum,625,http://sphaera.mpiwg-berlin.mpg.de/id/part/9583d6ac-b4d8-4c1c-b09a-bb79032d2ba5,On Astrolabes by Clavius,384
1227,http://dev.sphaera.mpiwg-berlin.mpg.de/container/ImageRegions.Container/1fa5aaa6-8073-47fc-8b5b-088d26a94099,Content Illustration,SAC_SIL_00310,http://devmeta.sphaera.mpiwg-berlin.mpg.de/resource/:viewPage?pageiri=http%3A%2F%2Fcontent.mpiwg-berlin.mpg.de%2Fmpiwg%2Fonline%2Fpermanent%2Fsphaera%2F1819_clavius_works_vol_03_1611%2Fpageimg%2F1819_clavius_works_vol_03_1611_p627.jpg,"345,587,1009,1367",1819,Christophori Clavii Bambergensis e Societate Iesu Operum Mathematicorum,627,http://sphaera.mpiwg-berlin.mpg.de/id/part/9583d6ac-b4d8-4c1c-b09a-bb79032d2ba5,On Astrolabes by Clavius,384
1228,http://dev.sphaera.mpiwg-berlin.mpg.de/container/ImageRegions.Container/fb37b2ad-568a-4eb7-903c-51d52dddc480,Content Illustration,SAC_SIL_00310,http://devmeta.sphaera.mpiwg-berlin.mpg.de/resource/:viewPage?pageiri=http%3A%2F%2Fcontent.mpiwg-berlin.mpg.de%2Fmpiwg%2Fonline%2Fpermanent%2Fsphaera%2F1819_clavius_works_vol_03_1611%2Fpageimg%2F1819_clavius_works_vol_03_1611_p629.jpg,"282,571,1056,1394",1819,Christophori Clavii Bambergensis e Societate Iesu Operum Mathematicorum,629,http://sphaera.mpiwg-berlin.mpg.de/id/part/9583d6ac-b4d8-4c1c-b09a-bb79032d2ba5,On Astrolabes by Clavius,384
1229,http://dev.sphaera.mpiwg-berlin.mpg.de/container/ImageRegions.Container/cd6a7b77-09cd-433d-8eba-42fdb6240d09,Content Illustration,SAC_SIL_00310,http://devmeta.sphaera.mpiwg-berlin.mpg.de/resource/:viewPage?pageiri=http%3A%2F%2Fcontent.mpiwg-berlin.mpg.de%2Fmpiwg%2Fonline%2Fpermanent%2Fsphaera%2F1819_clavius_works_vol_03_1611%2Fpageimg%2F1819_clavius_works_vol_03_1611_p631.jpg,"307,580,1044,1444",1819,Christophori Clavii Bambergensis e Societate Iesu Operum Mathematicorum,631,http://sphaera.mpiwg-berlin.mpg.de/id/part/9583d6ac-b4d8-4c1c-b09a-bb79032d2ba5,On Astrolabes by Clavius,384
1230,http://dev.sphaera.mpiwg-berlin.mpg.de/container/ImageRegions.Container/4afff5eb-45f4-41b2-9314-f4d645be939e,Content Illustration,SAC_SIL_00310,http://devmeta.sphaera.mpiwg-berlin.mpg.de/resource/:viewPage?pageiri=http%3A%2F%2Fcontent.mpiwg-berlin.mpg.de%2Fmpiwg%2Fonline%2Fpermanent%2Fsphaera%2F1819_clavius_works_vol_03_1611%2Fpageimg%2F1819_clavius_works_vol_03_1611_p633.jpg,"311,547,1039,1397",1819,Christophori Clavii Bambergensis e Societate Iesu Operum Mathematicorum,633,http://sphaera.mpiwg-berlin.mpg.de/id/part/9583d6ac-b4d8-4c1c-b09a-bb79032d2ba5,On Astrolabes by Clavius,384
1238,http://dev.sphaera.mpiwg-berlin.mpg.de/container/ImageRegions.Container/d7992550-6939-41ec-8ff5-b2f26811f391,Content Illustration,SAC_SIL_00317,http://devmeta.sphaera.mpiwg-berlin.mpg.de/resource/:viewPage?pageiri=http%3A%2F%2Fcontent.mpiwg-berlin.mpg.de%2Fmpiwg%2Fonline%2Fpermanent%2Fsphaera%2F1819_clavius_works_vol_03_1611%2Fpageimg%2F1819_clavius_works_vol_03_1611_p662.jpg,"627,925,636,772",1819,Christophori Clavii Bambergensis e Societate Iesu Operum Mathematicorum,662,http://sphaera.mpiwg-berlin.mpg.de/id/part/9583d6ac-b4d8-4c1c-b09a-bb79032d2ba5,On Astrolabes by Clavius,384
1286,http://dev.sphaera.mpiwg-berlin.mpg.de/container/ImageRegions.Container/fd59159c-12b9-4935-8490-68fbc9430082,Content Illustration,SAC_SIL_00333,http://devmeta.sphaera.mpiwg-berlin.mpg.de/resource/:viewPage?pageiri=http%3A%2F%2Fcontent.mpiwg-berlin.mpg.de%2Fmpiwg%2Fonline%2Fpermanent%2Fsphaera%2F2261_triegler_sphaera_1614%2Fpageimg%2F2261_triegler_sphaera_1614_p181.jpg,"307,258,3601,3557",2261,Sphaera,181,http://sphaera.mpiwg-berlin.mpg.de/id/part/8409e757-f662-46ea-b0c1-fa8db50b754e,Triegler's Treatise on the Sphere (three parts),677
1299,http://dev.sphaera.mpiwg-berlin.mpg.de/container/ImageRegions.Container/6750d8d5-02af-491e-8a2e-d63a3b73b711,Content Illustration,SAC_SIL_00341,http://devmeta.sphaera.mpiwg-berlin.mpg.de/resource/:viewPage?pageiri=http%3A%2F%2Fcontent.mpiwg-berlin.mpg.de%2Fmpiwg%2Fonline%2Fpermanent%2Fsphaera%2F1741_sacrobosco_sphaera_1594%2Fpageimg%2F1741_sacrobosco_sphaera_1594_p197.jpg,"533,736,422,465",1741,Sphaera Ioannis de Sacrobosco,197,http://sphaera.mpiwg-berlin.mpg.de/id/part/47ca1af2-b91f-4453-9f46-45b4d9ccdfb4,Compendium by P. Valeriano,251
1392,http://dev.sphaera.mpiwg-berlin.mpg.de/container/ImageRegions.Container/47c9eac9-3cf4-42ed-b290-559782be8db7,Content Illustration,SAC_SIL_00378,http://devmeta.sphaera.mpiwg-berlin.mpg.de/resource/:viewPage?pageiri=http%3A%2F%2Fcontent.mpiwg-berlin.mpg.de%2Fmpiwg%2Fonline%2Fpermanent%2Fsphaera%2F1819_clavius_works_vol_03_1611%2Fpageimg%2F1819_clavius_works_vol_03_1611_p518.jpg,"894,1557,277,205",1819,Christophori Clavii Bambergensis e Societate Iesu Operum Mathematicorum,518,http://sphaera.mpiwg-berlin.mpg.de/id/part/9583d6ac-b4d8-4c1c-b09a-bb79032d2ba5,On Astrolabes by Clavius,384
1393,http://dev.sphaera.mpiwg-berlin.mpg.de/container/ImageRegions.Container/cbab303f-72d5-4917-be45-d45b354b9fb2,Content Illustration,SAC_SIL_00378,http://devmeta.sphaera.mpiwg-berlin.mpg.de/resource/:viewPage?pageiri=http%3A%2F%2Fcontent.mpiwg-berlin.mpg.de%2Fmpiwg%2Fonline%2Fpermanent%2Fsphaera%2F1819_clavius_works_vol_03_1611%2Fpageimg%2F1819_clavius_works_vol_03_1611_p519.jpg,"317,1324,290,214",1819,Christophori Clavii Bambergensis e Societate Iesu Operum Mathematicorum,519,http://sphaera.mpiwg-berlin.mpg.de/id/part/9583d6ac-b4d8-4c1c-b09a-bb79032d2ba5,On Astrolabes by Clavius,384
1838,http://db.sphaera.mpiwg-berlin.mpg.de/container/ImageRegions.Container/0dd4864b-b46a-43a4-8a3e-eff9d30c804d,Content Illustration,SAC_SIL_00495,http://devmeta.sphaera.mpiwg-berlin.mpg.de/resource/:viewPage?pageiri=http%3A%2F%2Fcontent.mpiwg-berlin.mpg.de%2Fmpiwg%2Fonline%2Fpermanent%2Fsphaera%2F1650_sacrobosco_sphaera_1513%2Fpageimg%2F1650_sacrobosco_sphaera_1513_p92.jpg,"216,254,541,626",1650,Spherae Mundi,92,http://sphaera.mpiwg-berlin.mpg.de/id/part/1eaef0cc-5d5d-45fb-a33c-0fe5b62add79,Theoricae novae planetarum of Peurbach,104
1977,http://dev.sphaera.mpiwg-berlin.mpg.de/container/ImageRegions.Container/354414c0-c620-4972-801a-9bd644e5193f,Content Illustration,SAC_SIL_00514,http://devmeta.sphaera.mpiwg-berlin.mpg.de/resource/:viewPage?pageiri=http%3A%2F%2Fcontent.mpiwg-berlin.mpg.de%2Fmpiwg%2Fonline%2Fpermanent%2Fsphaera%2F2244_scribonius_disciplina_1591%2Fpageimg%2F2244_scribonius_disciplina_1591_p45.jpg,"175,123,276,347",2244,Disciplina sphaerica,45,http://sphaera.mpiwg-berlin.mpg.de/id/part/e88392dc-180f-4ffb-8a1b-e4ac79676d98,"Isagoge by Scribonius (extended, illustrated)",661
2034,http://dev.sphaera.mpiwg-berlin.mpg.de/container/ImageRegions.Container/3294b22d-0529-4c71-b9d2-20dea9f227f4,Content Illustration,SAC_SIL_00544,http://devmeta.sphaera.mpiwg-berlin.mpg.de/resource/:viewPage?pageiri=http%3A%2F%2Fcontent.mpiwg-berlin.mpg.de%2Fmpiwg%2Fonline%2Fpermanent%2Fsphaera%2F2167_peucer_elementa_1569%2Fpageimg%2F2167_peucer_elementa_1569_p123.jpg,"33,188,1033,999",2167,"Elementa doctrinae de circulis coelestibus, et primo motu",123,http://sphaera.mpiwg-berlin.mpg.de/id/part/b17ffe26-f7fa-41c8-8375-5088ba3ddcc5,Elements of the Sphere,309
2509,http://dev.sphaera.mpiwg-berlin.mpg.de/container/ImageRegions.Container/6a8973c9-3416-47a8-8eb3-d058b6ee6345,Content Illustration,SAC_SIL_00605,http://devmeta.sphaera.mpiwg-berlin.mpg.de/resource/:viewPage?pageiri=http%3A%2F%2Fcontent.mpiwg-berlin.mpg.de%2Fmpiwg%2Fonline%2Fpermanent%2Fsphaera%2F2161_dietrich_quaestiones_1573%2Fpageimg%2F2161_dietrich_quaestiones_1573_p176.jpg,"191,1082,651,651",2161,Novae quaestiones sphaerae,176,http://sphaera.mpiwg-berlin.mpg.de/id/part/5c57a2e5-a4b8-4717-946c-7bc5092918db,Quaestiones by S. Dietrich,370
2512,http://dev.sphaera.mpiwg-berlin.mpg.de/container/ImageRegions.Container/11e97500-35a5-4fa9-a9b5-b65a5ce01b29,Content Illustration,SAC_SIL_00605,http://devmeta.sphaera.mpiwg-berlin.mpg.de/resource/:viewPage?pageiri=http%3A%2F%2Fcontent.mpiwg-berlin.mpg.de%2Fmpiwg%2Fonline%2Fpermanent%2Fsphaera%2F2161_dietrich_quaestiones_1573%2Fpageimg%2F2161_dietrich_quaestiones_1573_p212.jpg,"203,1067,647,643",2161,Novae quaestiones sphaerae,212,http://sphaera.mpiwg-berlin.mpg.de/id/part/5c57a2e5-a4b8-4717-946c-7bc5092918db,Quaestiones by S. Dietrich,370
2513,http://dev.sphaera.mpiwg-berlin.mpg.de/container/ImageRegions.Container/95e1676d-38c7-4bd9-aa5b-d9c013f35818,Content Illustration,SAC_SIL_00605,http://devmeta.sphaera.mpiwg-berlin.mpg.de/resource/:viewPage?pageiri=http%3A%2F%2Fcontent.mpiwg-berlin.mpg.de%2Fmpiwg%2Fonline%2Fpermanent%2Fsphaera%2F2161_dietrich_quaestiones_1573%2Fpageimg%2F2161_dietrich_quaestiones_1573_p206.jpg,"168,282,660,633",2161,Novae quaestiones sphaerae,206,http://sphaera.mpiwg-berlin.mpg.de/id/part/5c57a2e5-a4b8-4717-946c-7bc5092918db,Quaestiones by S. Dietrich,370
2542,http://dev.sphaera.mpiwg-berlin.mpg.de/container/ImageRegions.Container/4fb7f028-868d-4303-b148-ab127056da3d,Content Illustration,SAC_SIL_00632,http://devmeta.sphaera.mpiwg-berlin.mpg.de/resource/:viewPage?pageiri=http%3A%2F%2Fcontent.mpiwg-berlin.mpg.de%2Fmpiwg%2Fonline%2Fpermanent%2Fsphaera%2F2171_peucer_elementa_1587%2Fpageimg%2F2171_peucer_elementa_1587_p289.jpg,"127,764,704,387",2171,"Elementa doctrinae de circulis coelestibus, et primo motu",289,http://sphaera.mpiwg-berlin.mpg.de/id/part/b17ffe26-f7fa-41c8-8375-5088ba3ddcc5,Elements of the Sphere,309
2577,http://dev.sphaera.mpiwg-berlin.mpg.de/container/ImageRegions.Container/e254f331-1de1-439a-b14c-ea01bfbef575,Content Illustration,SAC_SIL_00638,http://devmeta.sphaera.mpiwg-berlin.mpg.de/resource/:viewPage?pageiri=http%3A%2F%2Fcontent.mpiwg-berlin.mpg.de%2Fmpiwg%2Fonline%2Fpermanent%2Fsphaera%2F2244_scribonius_disciplina_1591%2Fpageimg%2F2244_scribonius_disciplina_1591_p41.jpg,"114,137,426,426",2244,Disciplina sphaerica,41,http://sphaera.mpiwg-berlin.mpg.de/id/part/e88392dc-180f-4ffb-8a1b-e4ac79676d98,"Isagoge by Scribonius (extended, illustrated)",661
2676,http://dev.sphaera.mpiwg-berlin.mpg.de/container/ImageRegions.Container/5fab121e-15e2-4087-922e-d5e472388907,Content Illustration,SAC_SIL_00667,http://devmeta.sphaera.mpiwg-berlin.mpg.de/resource/:viewPage?pageiri=http%3A%2F%2Fcontent.mpiwg-berlin.mpg.de%2Fmpiwg%2Fonline%2Fpermanent%2Fsphaera%2F2161_dietrich_quaestiones_1573%2Fpageimg%2F2161_dietrich_quaestiones_1573_p203.jpg,"478,275,618,625",2161,Novae quaestiones sphaerae,203,http://sphaera.mpiwg-berlin.mpg.de/id/part/5c57a2e5-a4b8-4717-946c-7bc5092918db,Quaestiones by S. Dietrich,370
2701,http://dev.sphaera.mpiwg-berlin.mpg.de/container/ImageRegions.Container/5396ae1d-c812-482c-968f-d17e16f69f04,Content Illustration,SAC_SIL_00689,http://devmeta.sphaera.mpiwg-berlin.mpg.de/resource/:viewPage?pageiri=http%3A%2F%2Fcontent.mpiwg-berlin.mpg.de%2Fmpiwg%2Fonline%2Fpermanent%2Fsphaera%2F1819_clavius_works_vol_03_1611%2Fpageimg%2F1819_clavius_works_vol_03_1611_p635.jpg,"228,231,582,700",1819,Christophori Clavii Bambergensis e Societate Iesu Operum Mathematicorum,635,http://sphaera.mpiwg-berlin.mpg.de/id/part/9583d6ac-b4d8-4c1c-b09a-bb79032d2ba5,On Astrolabes by Clavius,384
2704,http://dev.sphaera.mpiwg-berlin.mpg.de/container/ImageRegions.Container/b67546b0-5203-40eb-9d4f-601aec85889b,Content Illustration,SAC_SIL_00689,http://devmeta.sphaera.mpiwg-berlin.mpg.de/resource/:viewPage?pageiri=http%3A%2F%2Fcontent.mpiwg-berlin.mpg.de%2Fmpiwg%2Fonline%2Fpermanent%2Fsphaera%2F1819_clavius_works_vol_03_1611%2Fpageimg%2F1819_clavius_works_vol_03_1611_p634.jpg,"718,1585,516,645",1819,Christophori Clavii Bambergensis e Societate Iesu Operum Mathematicorum,634,http://sphaera.mpiwg-berlin.mpg.de/id/part/9583d6ac-b4d8-4c1c-b09a-bb79032d2ba5,On Astrolabes by Clavius,384
2781,http://db.sphaera.mpiwg-berlin.mpg.de/container/ImageRegions.Container/206fab99-ad1b-46d0-85f7-327bca23ebcc,Content Illustration,SAC_SIL_00726,http://devmeta.sphaera.mpiwg-berlin.mpg.de/resource/:viewPage?pageiri=http%3A%2F%2Fcontent.mpiwg-berlin.mpg.de%2Fmpiwg%2Fonline%2Fpermanent%2Fsphaera%2F1650_sacrobosco_sphaera_1513%2Fpageimg%2F1650_sacrobosco_sphaera_1513_p83.jpg,"237,282,559,587",1650,Spherae Mundi,83,http://sphaera.mpiwg-berlin.mpg.de/id/part/1eaef0cc-5d5d-45fb-a33c-0fe5b62add79,Theoricae novae planetarum of Peurbach,104
2827,http://dev.sphaera.mpiwg-berlin.mpg.de/container/ImageRegions.Container/b41411eb-9fb4-4096-98b1-e25ab2e01562,Content Illustration,SAC_SIL_00768,http://devmeta.sphaera.mpiwg-berlin.mpg.de/resource/:viewPage?pageiri=http%3A%2F%2Fcontent.mpiwg-berlin.mpg.de%2Fmpiwg%2Fonline%2Fpermanent%2Fsphaera%2F2244_scribonius_disciplina_1591%2Fpageimg%2F2244_scribonius_disciplina_1591_p47.jpg,"344,680,160,159",2244,Disciplina sphaerica,47,http://sphaera.mpiwg-berlin.mpg.de/id/part/e88392dc-180f-4ffb-8a1b-e4ac79676d98,"Isagoge by Scribonius (extended, illustrated)",661
2858,http://dev.sphaera.mpiwg-berlin.mpg.de/container/ImageRegions.Container/99011ac8-0d83-4ec2-8494-e9531e5b0127,Content Illustration,SAC_SIL_00784,http://devmeta.sphaera.mpiwg-berlin.mpg.de/resource/:viewPage?pageiri=http%3A%2F%2Fcontent.mpiwg-berlin.mpg.de%2Fmpiwg%2Fonline%2Fpermanent%2Fsphaera%2F2161_dietrich_quaestiones_1573%2Fpageimg%2F2161_dietrich_quaestiones_1573_p205.jpg,"455,309,653,608",2161,Novae quaestiones sphaerae,205,http://sphaera.mpiwg-berlin.mpg.de/id/part/5c57a2e5-a4b8-4717-946c-7bc5092918db,Quaestiones by S. Dietrich,370
2949,http://db.sphaera.mpiwg-berlin.mpg.de/container/ImageRegions.Container/c086b6d9-9ccc-4113-97b1-834cc154c2fc,Content Illustration,SAC_SIL_00831,http://devmeta.sphaera.mpiwg-berlin.mpg.de/resource/:viewPage?pageiri=http%3A%2F%2Fcontent.mpiwg-berlin.mpg.de%2Fmpiwg%2Fonline%2Fpermanent%2Fsphaera%2F1650_sacrobosco_sphaera_1513%2Fpageimg%2F1650_sacrobosco_sphaera_1513_p90.jpg,"197,250,572,610",1650,Spherae Mundi,90,http://sphaera.mpiwg-berlin.mpg.de/id/part/1eaef0cc-5d5d-45fb-a33c-0fe5b62add79,Theoricae novae planetarum of Peurbach,104
3370,http://dev.sphaera.mpiwg-berlin.mpg.de/container/ImageRegions.Container/9686085a-2d81-43f4-82fe-889f413dff94,Content Illustration,SAC_SIL_00970,http://devmeta.sphaera.mpiwg-berlin.mpg.de/resource/:viewPage?pageiri=http%3A%2F%2Fcontent.mpiwg-berlin.mpg.de%2Fmpiwg%2Fonline%2Fpermanent%2Fsphaera%2F1819_clavius_works_vol_03_1611%2Fpageimg%2F1819_clavius_works_vol_03_1611_p657.jpg,"288,874,670,708",1819,Christophori Clavii Bambergensis e Societate Iesu Operum Mathematicorum,657,http://sphaera.mpiwg-berlin.mpg.de/id/part/9583d6ac-b4d8-4c1c-b09a-bb79032d2ba5,On Astrolabes by Clavius,384
3481,http://dev.sphaera.mpiwg-berlin.mpg.de/container/ImageRegions.Container/64bf9e5d-896a-46d7-ad9f-255fcca439ed,Content Illustration,SAC_SIL_00991,http://devmeta.sphaera.mpiwg-berlin.mpg.de/resource/:viewPage?pageiri=http%3A%2F%2Fcontent.mpiwg-berlin.mpg.de%2Fmpiwg%2Fonline%2Fpermanent%2Fsphaera%2F1819_clavius_works_vol_03_1611%2Fpageimg%2F1819_clavius_works_vol_03_1611_p621.jpg,"385,538,945,1319",1819,Christophori Clavii Bambergensis e Societate Iesu Operum Mathematicorum,621,http://sphaera.mpiwg-berlin.mpg.de/id/part/9583d6ac-b4d8-4c1c-b09a-bb79032d2ba5,On Astrolabes by Clavius,384
3485,http://dev.sphaera.mpiwg-berlin.mpg.de/container/ImageRegions.Container/31978a65-c1fd-468c-a046-02842c74ee3d,Content Illustration,SAC_SIL_00997,http://devmeta.sphaera.mpiwg-berlin.mpg.de/resource/:viewPage?pageiri=http%3A%2F%2Fcontent.mpiwg-berlin.mpg.de%2Fmpiwg%2Fonline%2Fpermanent%2Fsphaera%2F1819_clavius_works_vol_03_1611%2Fpageimg%2F1819_clavius_works_vol_03_1611_p654.jpg,"549,508,692,680",1819,Christophori Clavii Bambergensis e Societate Iesu Operum Mathematicorum,654,http://sphaera.mpiwg-berlin.mpg.de/id/part/9583d6ac-b4d8-4c1c-b09a-bb79032d2ba5,On Astrolabes by Clavius,384
3486,http://dev.sphaera.mpiwg-berlin.mpg.de/container/ImageRegions.Container/c3a3fc0d-4c66-4997-858e-63ba782cdab6,Content Illustration,SAC_SIL_00997,http://devmeta.sphaera.mpiwg-berlin.mpg.de/resource/:viewPage?pageiri=http%3A%2F%2Fcontent.mpiwg-berlin.mpg.de%2Fmpiwg%2Fonline%2Fpermanent%2Fsphaera%2F1819_clavius_works_vol_03_1611%2Fpageimg%2F1819_clavius_works_vol_03_1611_p655.jpg,"280,479,724,686",1819,Christophori Clavii Bambergensis e Societate Iesu Operum Mathematicorum,655,http://sphaera.mpiwg-berlin.mpg.de/id/part/9583d6ac-b4d8-4c1c-b09a-bb79032d2ba5,On Astrolabes by Clavius,384
3497,http://db.sphaera.mpiwg-berlin.mpg.de/container/ImageRegions.Container/6031a5ee-7f54-45e4-b78d-82cb02a2e28b,Content Illustration,SAC_SIL_00999,http://devmeta.sphaera.mpiwg-berlin.mpg.de/resource/:viewPage?pageiri=http%3A%2F%2Fcontent.mpiwg-berlin.mpg.de%2Fmpiwg%2Fonline%2Fpermanent%2Fsphaera%2F1650_sacrobosco_sphaera_1513%2Fpageimg%2F1650_sacrobosco_sphaera_1513_p86.jpg,"209,320,555,599",1650,Spherae Mundi,86,http://sphaera.mpiwg-berlin.mpg.de/id/part/1eaef0cc-5d5d-45fb-a33c-0fe5b62add79,Theoricae novae planetarum of Peurbach,104
3650,http://dev.sphaera.mpiwg-berlin.mpg.de/container/ImageRegions.Container/8adafeca-fa07-4764-b4f2-46d2df513752,Content Illustration,SAC_SIL_01034,http://devmeta.sphaera.mpiwg-berlin.mpg.de/resource/:viewPage?pageiri=http%3A%2F%2Fcontent.mpiwg-berlin.mpg.de%2Fmpiwg%2Fonline%2Fpermanent%2Fsphaera%2F2171_peucer_elementa_1587%2Fpageimg%2F2171_peucer_elementa_1587_p295.jpg,"321,838,358,394",2171,"Elementa doctrinae de circulis coelestibus, et primo motu",295,http://sphaera.mpiwg-berlin.mpg.de/id/part/b17ffe26-f7fa-41c8-8375-5088ba3ddcc5,Elements of the Sphere,309
3651,http://dev.sphaera.mpiwg-berlin.mpg.de/container/ImageRegions.Container/3da199e1-9e15-4e8d-b863-98ef016376e8,Content Illustration,SAC_SIL_01034,http://devmeta.sphaera.mpiwg-berlin.mpg.de/resource/:viewPage?pageiri=http%3A%2F%2Fcontent.mpiwg-berlin.mpg.de%2Fmpiwg%2Fonline%2Fpermanent%2Fsphaera%2F2171_peucer_elementa_1587%2Fpageimg%2F2171_peucer_elementa_1587_p297.jpg,"329,835,345,399",2171,"Elementa doctrinae de circulis coelestibus, et primo motu",297,http://sphaera.mpiwg-berlin.mpg.de/id/part/b17ffe26-f7fa-41c8-8375-5088ba3ddcc5,Elements of the Sphere,309
3652,http://dev.sphaera.mpiwg-berlin.mpg.de/container/ImageRegions.Container/5f40b352-c9e2-4a0d-81c7-26de9a74eb20,Content Illustration,SAC_SIL_01034,http://devmeta.sphaera.mpiwg-berlin.mpg.de/resource/:viewPage?pageiri=http%3A%2F%2Fcontent.mpiwg-berlin.mpg.de%2Fmpiwg%2Fonline%2Fpermanent%2Fsphaera%2F2171_peucer_elementa_1587%2Fpageimg%2F2171_peucer_elementa_1587_p299.jpg,"322,826,358,416",2171,"Elementa doctrinae de circulis coelestibus, et primo motu",299,http://sphaera.mpiwg-berlin.mpg.de/id/part/b17ffe26-f7fa-41c8-8375-5088ba3ddcc5,Elements of the Sphere,309
3692,http://dev.sphaera.mpiwg-berlin.mpg.de/container/ImageRegions.Container/3dc59732-95a1-434a-bc88-c035537be30d,Content Illustration,SAC_SIL_01043,http://devmeta.sphaera.mpiwg-berlin.mpg.de/resource/:viewPage?pageiri=http%3A%2F%2Fcontent.mpiwg-berlin.mpg.de%2Fmpiwg%2Fonline%2Fpermanent%2Fsphaera%2F1819_clavius_works_vol_03_1611%2Fpageimg%2F1819_clavius_works_vol_03_1611_p518.jpg,"906,217,225,229",1819,Christophori Clavii Bambergensis e Societate Iesu Operum Mathematicorum,518,http://sphaera.mpiwg-berlin.mpg.de/id/part/9583d6ac-b4d8-4c1c-b09a-bb79032d2ba5,On Astrolabes by Clavius,384
3693,http://dev.sphaera.mpiwg-berlin.mpg.de/container/ImageRegions.Container/04260c63-320e-4659-ac68-cba06744e46b,Content Illustration,SAC_SIL_01043,http://devmeta.sphaera.mpiwg-berlin.mpg.de/resource/:viewPage?pageiri=http%3A%2F%2Fcontent.mpiwg-berlin.mpg.de%2Fmpiwg%2Fonline%2Fpermanent%2Fsphaera%2F1819_clavius_works_vol_03_1611%2Fpageimg%2F1819_clavius_works_vol_03_1611_p520.jpg,"919,1159,241,233",1819,Christophori Clavii Bambergensis e Societate Iesu Operum Mathematicorum,520,http://sphaera.mpiwg-berlin.mpg.de/id/part/9583d6ac-b4d8-4c1c-b09a-bb79032d2ba5,On Astrolabes by Clavius,384
3866,http://dev.sphaera.mpiwg-berlin.mpg.de/container/ImageRegions.Container/6900d50d-b6a7-438d-8a9e-7f4d6522b7b3,Content Illustration,SAC_SIL_01092,http://devmeta.sphaera.mpiwg-berlin.mpg.de/resource/:viewPage?pageiri=http%3A%2F%2Fcontent.mpiwg-berlin.mpg.de%2Fmpiwg%2Fonline%2Fpermanent%2Fsphaera%2F2171_peucer_elementa_1587%2Fpageimg%2F2171_peucer_elementa_1587_p294.jpg,"27,493,748,441",2171,"Elementa doctrinae de circulis coelestibus, et primo motu",294,http://sphaera.mpiwg-berlin.mpg.de/id/part/b17ffe26-f7fa-41c8-8375-5088ba3ddcc5,Elements of the Sphere,309
3867,http://dev.sphaera.mpiwg-berlin.mpg.de/container/ImageRegions.Container/24cde06a-9625-4cbf-b153-8cc7da758507,Content Illustration,SAC_SIL_01092,http://devmeta.sphaera.mpiwg-berlin.mpg.de/resource/:viewPage?pageiri=http%3A%2F%2Fcontent.mpiwg-berlin.mpg.de%2Fmpiwg%2Fonline%2Fpermanent%2Fsphaera%2F2171_peucer_elementa_1587%2Fpageimg%2F2171_peucer_elementa_1587_p296.jpg,"35,510,736,419",2171,"Elementa doctrinae de circulis coelestibus, et primo motu",296,http://sphaera.mpiwg-berlin.mpg.de/id/part/b17ffe26-f7fa-41c8-8375-5088ba3ddcc5,Elements of the Sphere,309
3868,http://dev.sphaera.mpiwg-berlin.mpg.de/container/ImageRegions.Container/7b147b81-916e-45a2-ab3c-ad35ddf80326,Content Illustration,SAC_SIL_01092,http://devmeta.sphaera.mpiwg-berlin.mpg.de/resource/:viewPage?pageiri=http%3A%2F%2Fcontent.mpiwg-berlin.mpg.de%2Fmpiwg%2Fonline%2Fpermanent%2Fsphaera%2F2171_peucer_elementa_1587%2Fpageimg%2F2171_peucer_elementa_1587_p298.jpg,"35,493,737,425",2171,"Elementa doctrinae de circulis coelestibus, et primo motu",298,http://sphaera.mpiwg-berlin.mpg.de/id/part/b17ffe26-f7fa-41c8-8375-5088ba3ddcc5,Elements of the Sphere,309
3869,http://dev.sphaera.mpiwg-berlin.mpg.de/container/ImageRegions.Container/14c0a86e-59e2-47ad-8177-283b382d6556,Content Illustration,SAC_SIL_01092,http://devmeta.sphaera.mpiwg-berlin.mpg.de/resource/:viewPage?pageiri=http%3A%2F%2Fcontent.mpiwg-berlin.mpg.de%2Fmpiwg%2Fonline%2Fpermanent%2Fsphaera%2F2171_peucer_elementa_1587%2Fpageimg%2F2171_peucer_elementa_1587_p300.jpg,"27,505,737,410",2171,"Elementa doctrinae de circulis coelestibus, et primo motu",300,http://sphaera.mpiwg-berlin.mpg.de/id/part/b17ffe26-f7fa-41c8-8375-5088ba3ddcc5,Elements of the Sphere,309
3893,http://dev.sphaera.mpiwg-berlin.mpg.de/container/ImageRegions.Container/f79ef74f-c510-4ced-ab70-4eb5d2c01e46,Content Illustration,SAC_SIL_01101,http://devmeta.sphaera.mpiwg-berlin.mpg.de/resource/:viewPage?pageiri=http%3A%2F%2Fcontent.mpiwg-berlin.mpg.de%2Fmpiwg%2Fonline%2Fpermanent%2Fsphaera%2F2244_scribonius_disciplina_1591%2Fpageimg%2F2244_scribonius_disciplina_1591_p79.jpg,"221,445,235,232",2244,Disciplina sphaerica,79,http://sphaera.mpiwg-berlin.mpg.de/id/part/e88392dc-180f-4ffb-8a1b-e4ac79676d98,"Isagoge by Scribonius (extended, illustrated)",661
3969,http://dev.sphaera.mpiwg-berlin.mpg.de/container/ImageRegions.Container/1cdd4c6a-bf7e-4122-8041-e8b22dbf1aff,Content Illustration,SAC_SIL_01137,http://devmeta.sphaera.mpiwg-berlin.mpg.de/resource/:viewPage?pageiri=http%3A%2F%2Fcontent.mpiwg-berlin.mpg.de%2Fmpiwg%2Fonline%2Fpermanent%2Fsphaera%2F2244_scribonius_disciplina_1591%2Fpageimg%2F2244_scribonius_disciplina_1591_p47.jpg,"110,676,188,156",2244,Disciplina sphaerica,47,http://sphaera.mpiwg-berlin.mpg.de/id/part/e88392dc-180f-4ffb-8a1b-e4ac79676d98,"Isagoge by Scribonius (extended, illustrated)",661
3971,http://dev.sphaera.mpiwg-berlin.mpg.de/container/ImageRegions.Container/8bdcfc40-4f0f-472e-a97b-a8d13d66ce49,Content Illustration,SAC_SIL_01137,http://devmeta.sphaera.mpiwg-berlin.mpg.de/resource/:viewPage?pageiri=http%3A%2F%2Fcontent.mpiwg-berlin.mpg.de%2Fmpiwg%2Fonline%2Fpermanent%2Fsphaera%2F2244_scribonius_disciplina_1591%2Fpageimg%2F2244_scribonius_disciplina_1591_p39.jpg,"223,89,198,169",2244,Disciplina sphaerica,39,http://sphaera.mpiwg-berlin.mpg.de/id/part/e88392dc-180f-4ffb-8a1b-e4ac79676d98,"Isagoge by Scribonius (extended, illustrated)",661
4212,http://dev.sphaera.mpiwg-berlin.mpg.de/container/ImageRegions.Container/2f1939c5-de5a-4a7f-ae12-e8936bf12dfc,Content Illustration,SAC_SIL_01176,http://devmeta.sphaera.mpiwg-berlin.mpg.de/resource/:viewPage?pageiri=http%3A%2F%2Fcontent.mpiwg-berlin.mpg.de%2Fmpiwg%2Fonline%2Fpermanent%2Fsphaera%2F2244_scribonius_disciplina_1591%2Fpageimg%2F2244_scribonius_disciplina_1591_p77.jpg,"225,584,228,240",2244,Disciplina sphaerica,77,http://sphaera.mpiwg-berlin.mpg.de/id/part/e88392dc-180f-4ffb-8a1b-e4ac79676d98,"Isagoge by Scribonius (extended, illustrated)",661
4610,http://dev.sphaera.mpiwg-berlin.mpg.de/container/ImageRegions.Container/81bac426-b936-4799-8c76-6b72b759f26c,Content Illustration,SAC_SIL_01348,http://devmeta.sphaera.mpiwg-berlin.mpg.de/resource/:viewPage?pageiri=http%3A%2F%2Fcontent.mpiwg-berlin.mpg.de%2Fmpiwg%2Fonline%2Fpermanent%2Fsphaera%2F2161_dietrich_quaestiones_1573%2Fpageimg%2F2161_dietrich_quaestiones_1573_p171.jpg,"495,707,627,641",2161,Novae quaestiones sphaerae,171,http://sphaera.mpiwg-berlin.mpg.de/id/part/5c57a2e5-a4b8-4717-946c-7bc5092918db,Quaestiones by S. Dietrich,370
4612,http://dev.sphaera.mpiwg-berlin.mpg.de/container/ImageRegions.Container/71e0bcba-9663-4e2a-9a65-bdc2219fa9bb,Content Illustration,SAC_SIL_01348,http://devmeta.sphaera.mpiwg-berlin.mpg.de/resource/:viewPage?pageiri=http%3A%2F%2Fcontent.mpiwg-berlin.mpg.de%2Fmpiwg%2Fonline%2Fpermanent%2Fsphaera%2F2161_dietrich_quaestiones_1573%2Fpageimg%2F2161_dietrich_quaestiones_1573_p207.jpg,"491,693,637,641",2161,Novae quaestiones sphaerae,207,http://sphaera.mpiwg-berlin.mpg.de/id/part/5c57a2e5-a4b8-4717-946c-7bc5092918db,Quaestiones by S. Dietrich,370
4665,http://db.sphaera.mpiwg-berlin.mpg.de/container/ImageRegions.Container/18746c1f-53b8-4e04-afc6-0f443c3058f2,Content Illustration,SAC_SIL_01362,http://devmeta.sphaera.mpiwg-berlin.mpg.de/resource/:viewPage?pageiri=http%3A%2F%2Fcontent.mpiwg-berlin.mpg.de%2Fmpiwg%2Fonline%2Fpermanent%2Fsphaera%2F1650_sacrobosco_sphaera_1513%2Fpageimg%2F1650_sacrobosco_sphaera_1513_p81.jpg,"227,267,571,641",1650,Spherae Mundi,81,http://sphaera.mpiwg-berlin.mpg.de/id/part/1eaef0cc-5d5d-45fb-a33c-0fe5b62add79,Theoricae novae planetarum of Peurbach,104
5044,http://dev.sphaera.mpiwg-berlin.mpg.de/container/ImageRegions.Container/be509095-e7e3-437a-b7f3-654dee5cc00f,Content Illustration,SAC_SIL_01454,http://devmeta.sphaera.mpiwg-berlin.mpg.de/resource/:viewPage?pageiri=http%3A%2F%2Fcontent.mpiwg-berlin.mpg.de%2Fmpiwg%2Fonline%2Fpermanent%2Fsphaera%2F2244_scribonius_disciplina_1591%2Fpageimg%2F2244_scribonius_disciplina_1591_p80.jpg,"116,569,234,237",2244,Disciplina sphaerica,80,http://sphaera.mpiwg-berlin.mpg.de/id/part/e88392dc-180f-4ffb-8a1b-e4ac79676d98,"Isagoge by Scribonius (extended, illustrated)",661
5184,http://dev.sphaera.mpiwg-berlin.mpg.de/container/ImageRegions.Container/3e805cbc-5f00-44e0-a60b-a3eca929710c,Content Illustration,SAC_SIL_01494,http://devmeta.sphaera.mpiwg-berlin.mpg.de/resource/:viewPage?pageiri=http%3A%2F%2Fcontent.mpiwg-berlin.mpg.de%2Fmpiwg%2Fonline%2Fpermanent%2Fsphaera%2F2161_dietrich_quaestiones_1573%2Fpageimg%2F2161_dietrich_quaestiones_1573_p323.jpg,"791,734,397,325",2161,Novae quaestiones sphaerae,323,http://sphaera.mpiwg-berlin.mpg.de/id/part/5c57a2e5-a4b8-4717-946c-7bc5092918db,Quaestiones by S. Dietrich,370
5246,http://dev.sphaera.mpiwg-berlin.mpg.de/container/ImageRegions.Container/eef026b3-933b-403a-ac19-8e468d0077bd,Content Illustration,SAC_SIL_01496,http://devmeta.sphaera.mpiwg-berlin.mpg.de/resource/:viewPage?pageiri=http%3A%2F%2Fcontent.mpiwg-berlin.mpg.de%2Fmpiwg%2Fonline%2Fpermanent%2Fsphaera%2F2161_dietrich_quaestiones_1573%2Fpageimg%2F2161_dietrich_quaestiones_1573_p179.jpg,"257,1148,505,422",2161,Novae quaestiones sphaerae,179,http://sphaera.mpiwg-berlin.mpg.de/id/part/5c57a2e5-a4b8-4717-946c-7bc5092918db,Quaestiones by S. Dietrich,370
5247,http://dev.sphaera.mpiwg-berlin.mpg.de/container/ImageRegions.Container/fc9b22b6-4ff8-4a69-8d53-9a2e860fb898,Content Illustration,SAC_SIL_01496,http://devmeta.sphaera.mpiwg-berlin.mpg.de/resource/:viewPage?pageiri=http%3A%2F%2Fcontent.mpiwg-berlin.mpg.de%2Fmpiwg%2Fonline%2Fpermanent%2Fsphaera%2F2161_dietrich_quaestiones_1573%2Fpageimg%2F2161_dietrich_quaestiones_1573_p161.jpg,"271,1138,500,422",2161,Novae quaestiones sphaerae,161,http://sphaera.mpiwg-berlin.mpg.de/id/part/5c57a2e5-a4b8-4717-946c-7bc5092918db,Quaestiones by S. Dietrich,370
5248,http://dev.sphaera.mpiwg-berlin.mpg.de/container/ImageRegions.Container/c5ea983b-cbac-4180-bf2a-851338670903,Content Illustration,SAC_SIL_01496,http://devmeta.sphaera.mpiwg-berlin.mpg.de/resource/:viewPage?pageiri=http%3A%2F%2Fcontent.mpiwg-berlin.mpg.de%2Fmpiwg%2Fonline%2Fpermanent%2Fsphaera%2F2161_dietrich_quaestiones_1573%2Fpageimg%2F2161_dietrich_quaestiones_1573_p215.jpg,"262,1140,516,420",2161,Novae quaestiones sphaerae,215,http://sphaera.mpiwg-berlin.mpg.de/id/part/5c57a2e5-a4b8-4717-946c-7bc5092918db,Quaestiones by S. Dietrich,370
5771,http://dev.sphaera.mpiwg-berlin.mpg.de/container/ImageRegions.Container/c26ff923-b078-4e3e-a276-d3bc554a7720,Content Illustration,SAC_SIL_01611,http://devmeta.sphaera.mpiwg-berlin.mpg.de/resource/:viewPage?pageiri=http%3A%2F%2Fcontent.mpiwg-berlin.mpg.de%2Fmpiwg%2Fonline%2Fpermanent%2Fsphaera%2F2161_dietrich_quaestiones_1573%2Fpageimg%2F2161_dietrich_quaestiones_1573_p324.jpg,"0,94,676,703",2161,Novae quaestiones sphaerae,324,http://sphaera.mpiwg-berlin.mpg.de/id/part/5c57a2e5-a4b8-4717-946c-7bc5092918db,Quaestiones by S. Dietrich,370
5987,http://dev.sphaera.mpiwg-berlin.mpg.de/container/ImageRegions.Container/d8232ceb-49c4-44cb-8a6b-119346db8737,Content Illustration,SAC_SIL_01695,http://devmeta.sphaera.mpiwg-berlin.mpg.de/resource/:viewPage?pageiri=http%3A%2F%2Fcontent.mpiwg-berlin.mpg.de%2Fmpiwg%2Fonline%2Fpermanent%2Fsphaera%2F2161_dietrich_quaestiones_1573%2Fpageimg%2F2161_dietrich_quaestiones_1573_p175.jpg,"480,173,594,587",2161,Novae quaestiones sphaerae,175,http://sphaera.mpiwg-berlin.mpg.de/id/part/5c57a2e5-a4b8-4717-946c-7bc5092918db,Quaestiones by S. Dietrich,370
5989,http://dev.sphaera.mpiwg-berlin.mpg.de/container/ImageRegions.Container/7cf3af1d-f86b-4a2e-943a-209ec0ea2e2b,Content Illustration,SAC_SIL_01695,http://devmeta.sphaera.mpiwg-berlin.mpg.de/resource/:viewPage?pageiri=http%3A%2F%2Fcontent.mpiwg-berlin.mpg.de%2Fmpiwg%2Fonline%2Fpermanent%2Fsphaera%2F2161_dietrich_quaestiones_1573%2Fpageimg%2F2161_dietrich_quaestiones_1573_p211.jpg,"474,176,602,589",2161,Novae quaestiones sphaerae,211,http://sphaera.mpiwg-berlin.mpg.de/id/part/5c57a2e5-a4b8-4717-946c-7bc5092918db,Quaestiones by S. Dietrich,370
6035,http://dev.sphaera.mpiwg-berlin.mpg.de/container/ImageRegions.Container/723724ce-5596-44ba-b906-c3fbf2e7e7c4,Content Illustration,SAC_SIL_01709,http://devmeta.sphaera.mpiwg-berlin.mpg.de/resource/:viewPage?pageiri=http%3A%2F%2Fcontent.mpiwg-berlin.mpg.de%2Fmpiwg%2Fonline%2Fpermanent%2Fsphaera%2F2161_dietrich_quaestiones_1573%2Fpageimg%2F2161_dietrich_quaestiones_1573_p227.jpg,"415,1149,642,645",2161,Novae quaestiones sphaerae,227,http://sphaera.mpiwg-berlin.mpg.de/id/part/5c57a2e5-a4b8-4717-946c-7bc5092918db,Quaestiones by S. Dietrich,370
6065,http://db.sphaera.mpiwg-berlin.mpg.de/container/ImageRegions.Container/2f4ba515-9161-4f9d-92b0-d0bf807304e9,Content Illustration,SAC_SIL_01713,http://devmeta.sphaera.mpiwg-berlin.mpg.de/resource/:viewPage?pageiri=http%3A%2F%2Fcontent.mpiwg-berlin.mpg.de%2Fmpiwg%2Fonline%2Fpermanent%2Fsphaera%2F1650_sacrobosco_sphaera_1513%2Fpageimg%2F1650_sacrobosco_sphaera_1513_p89.jpg,"235,255,540,595",1650,Spherae Mundi,89,http://sphaera.mpiwg-berlin.mpg.de/id/part/1eaef0cc-5d5d-45fb-a33c-0fe5b62add79,Theoricae novae planetarum of Peurbach,104
6139,http://db.sphaera.mpiwg-berlin.mpg.de/container/ImageRegions.Container/e628348b-6ad5-4508-8d45-8c87aaedd980,Content Illustration,SAC_SIL_01785,http://devmeta.sphaera.mpiwg-berlin.mpg.de/resource/:viewPage?pageiri=http%3A%2F%2Fcontent.mpiwg-berlin.mpg.de%2Fmpiwg%2Fonline%2Fpermanent%2Fsphaera%2F1650_sacrobosco_sphaera_1513%2Fpageimg%2F1650_sacrobosco_sphaera_1513_p84.jpg,"210,248,584,610",1650,Spherae Mundi,84,http://sphaera.mpiwg-berlin.mpg.de/id/part/1eaef0cc-5d5d-45fb-a33c-0fe5b62add79,Theoricae novae planetarum of Peurbach,104
6149,http://dev.sphaera.mpiwg-berlin.mpg.de/container/ImageRegions.Container/f6244b70-f61e-49b5-826d-5bdff15866cb,Content Illustration,SAC_SIL_01791,http://devmeta.sphaera.mpiwg-berlin.mpg.de/resource/:viewPage?pageiri=http%3A%2F%2Fcontent.mpiwg-berlin.mpg.de%2Fmpiwg%2Fonline%2Fpermanent%2Fsphaera%2F1819_clavius_works_vol_03_1611%2Fpageimg%2F1819_clavius_works_vol_03_1611_p635.jpg,"407,1239,934,1013",1819,Christophori Clavii Bambergensis e Societate Iesu Operum Mathematicorum,635,http://sphaera.mpiwg-berlin.mpg.de/id/part/9583d6ac-b4d8-4c1c-b09a-bb79032d2ba5,On Astrolabes by Clavius,384
6175,http://db.sphaera.mpiwg-berlin.mpg.de/container/ImageRegions.Container/226cf08f-ba0a-40ea-bf88-e3776ed52eca,Content Illustration,SAC_SIL_01810,http://devmeta.sphaera.mpiwg-berlin.mpg.de/resource/:viewPage?pageiri=http%3A%2F%2Fcontent.mpiwg-berlin.mpg.de%2Fmpiwg%2Fonline%2Fpermanent%2Fsphaera%2F1650_sacrobosco_sphaera_1513%2Fpageimg%2F1650_sacrobosco_sphaera_1513_p91.jpg,"230,245,568,615",1650,Spherae Mundi,91,http://sphaera.mpiwg-berlin.mpg.de/id/part/1eaef0cc-5d5d-45fb-a33c-0fe5b62add79,Theoricae novae planetarum of Peurbach,104
6275,http://dev.sphaera.mpiwg-berlin.mpg.de/container/ImageRegions.Container/f58f900d-1f4b-46ee-bfc7-f11d258cff9f,Content Illustration,SAC_SIL_01859,http://devmeta.sphaera.mpiwg-berlin.mpg.de/resource/:viewPage?pageiri=http%3A%2F%2Fcontent.mpiwg-berlin.mpg.de%2Fmpiwg%2Fonline%2Fpermanent%2Fsphaera%2F1741_sacrobosco_sphaera_1594%2Fpageimg%2F1741_sacrobosco_sphaera_1594_p164.jpg,"140,802,723,743",1741,Sphaera Ioannis de Sacrobosco,164,http://sphaera.mpiwg-berlin.mpg.de/id/part/47ca1af2-b91f-4453-9f46-45b4d9ccdfb4,Compendium by P. Valeriano,251
6385,http://db.sphaera.mpiwg-berlin.mpg.de/container/ImageRegions.Container/bf93edb1-fbaa-4fbf-92f4-7aed88211bf6,Content Illustration,SAC_SIL_01876,http://devmeta.sphaera.mpiwg-berlin.mpg.de/resource/:viewPage?pageiri=http%3A%2F%2Fcontent.mpiwg-berlin.mpg.de%2Fmpiwg%2Fonline%2Fpermanent%2Fsphaera%2F1650_sacrobosco_sphaera_1513%2Fpageimg%2F1650_sacrobosco_sphaera_1513_p88.jpg,"207,114,564,621",1650,Spherae Mundi,88,http://sphaera.mpiwg-berlin.mpg.de/id/part/1eaef0cc-5d5d-45fb-a33c-0fe5b62add79,Theoricae novae planetarum of Peurbach,104
6712,http://db.sphaera.mpiwg-berlin.mpg.de/container/ImageRegions.Container/d0eea6f5-9120-40a1-894b-0769d4571385,Content Illustration,SAC_SIL_01967,http://devmeta.sphaera.mpiwg-berlin.mpg.de/resource/:viewPage?pageiri=http%3A%2F%2Fcontent.mpiwg-berlin.mpg.de%2Fmpiwg%2Fonline%2Fpermanent%2Fsphaera%2F1650_sacrobosco_sphaera_1513%2Fpageimg%2F1650_sacrobosco_sphaera_1513_p82.jpg,"166,156,591,685",1650,Spherae Mundi,82,http://sphaera.mpiwg-berlin.mpg.de/id/part/1eaef0cc-5d5d-45fb-a33c-0fe5b62add79,Theoricae novae planetarum of Peurbach,104
6850,http://dev.sphaera.mpiwg-berlin.mpg.de/container/ImageRegions.Container/2e35a69d-5b0d-4791-bc55-1c7faad96a03,Content Illustration,SAC_SIL_02026,http://devmeta.sphaera.mpiwg-berlin.mpg.de/resource/:viewPage?pageiri=http%3A%2F%2Fcontent.mpiwg-berlin.mpg.de%2Fmpiwg%2Fonline%2Fpermanent%2Fsphaera%2F1882_sacrobosco_liber_1536%2Fpageimg%2F1882_sacrobosco_liber_1536_p31.jpg,"160,798,742,357",1882,"Liber Ioannis de Sacro Busto, de sphaera",31,http://sphaera.mpiwg-berlin.mpg.de/id/part/c6145ca3-317c-4724-a344-3c2e106fe26b,Tractatus de sphaera,100
6914,http://dev.sphaera.mpiwg-berlin.mpg.de/container/ImageRegions.Container/b7b6a286-3d3f-4009-a6e7-77191c221f8d,Content Illustration,SAC_SIL_02035,http://devmeta.sphaera.mpiwg-berlin.mpg.de/resource/:viewPage?pageiri=http%3A%2F%2Fcontent.mpiwg-berlin.mpg.de%2Fmpiwg%2Fonline%2Fpermanent%2Fsphaera%2F1882_sacrobosco_liber_1536%2Fpageimg%2F1882_sacrobosco_liber_1536_p30.jpg,"0,318,888,902",1882,"Liber Ioannis de Sacro Busto, de sphaera",30,http://sphaera.mpiwg-berlin.mpg.de/id/part/c6145ca3-317c-4724-a344-3c2e106fe26b,Tractatus de sphaera,100
7014,http://db.sphaera.mpiwg-berlin.mpg.de/container/ImageRegions.Container/4abe60bc-48b9-40d1-9c28-dd2d66f6dcb4,Content Illustration,SAC_SIL_02092,http://devmeta.sphaera.mpiwg-berlin.mpg.de/resource/:viewPage?pageiri=http%3A%2F%2Fcontent.mpiwg-berlin.mpg.de%2Fmpiwg%2Fonline%2Fpermanent%2Fsphaera%2F1650_sacrobosco_sphaera_1513%2Fpageimg%2F1650_sacrobosco_sphaera_1513_p94.jpg,"210,291,561,633",1650,Spherae Mundi,94,http://sphaera.mpiwg-berlin.mpg.de/id/part/1eaef0cc-5d5d-45fb-a33c-0fe5b62add79,Theoricae novae planetarum of Peurbach,104
7091,http://dev.sphaera.mpiwg-berlin.mpg.de/container/ImageRegions.Container/92851243-f796-4316-8eeb-1a0ad36891f9,Content Illustration,SAC_SIL_02130,http://devmeta.sphaera.mpiwg-berlin.mpg.de/resource/:viewPage?pageiri=http%3A%2F%2Fcontent.mpiwg-berlin.mpg.de%2Fmpiwg%2Fonline%2Fpermanent%2Fsphaera%2F1819_clavius_works_vol_03_1611%2Fpageimg%2F1819_clavius_works_vol_03_1611_p652.jpg,"231,715,910,987",1819,Christophori Clavii Bambergensis e Societate Iesu Operum Mathematicorum,652,http://sphaera.mpiwg-berlin.mpg.de/id/part/9583d6ac-b4d8-4c1c-b09a-bb79032d2ba5,On Astrolabes by Clavius,384
7092,http://dev.sphaera.mpiwg-berlin.mpg.de/container/ImageRegions.Container/37f1e7ae-d34e-4311-9b0e-97d5df8ae8c0,Content Illustration,SAC_SIL_02130,http://devmeta.sphaera.mpiwg-berlin.mpg.de/resource/:viewPage?pageiri=http%3A%2F%2Fcontent.mpiwg-berlin.mpg.de%2Fmpiwg%2Fonline%2Fpermanent%2Fsphaera%2F1819_clavius_works_vol_03_1611%2Fpageimg%2F1819_clavius_works_vol_03_1611_p653.jpg,"381,443,925,1016",1819,Christophori Clavii Bambergensis e Societate Iesu Operum Mathematicorum,653,http://sphaera.mpiwg-berlin.mpg.de/id/part/9583d6ac-b4d8-4c1c-b09a-bb79032d2ba5,On Astrolabes by Clavius,384
7287,http://dev.sphaera.mpiwg-berlin.mpg.de/container/ImageRegions.Container/c4567da0-cfc3-40cc-b499-05bf8de80a19,Content Illustration,SAC_SIL_02198,http://devmeta.sphaera.mpiwg-berlin.mpg.de/resource/:viewPage?pageiri=http%3A%2F%2Fcontent.mpiwg-berlin.mpg.de%2Fmpiwg%2Fonline%2Fpermanent%2Fsphaera%2F2171_peucer_elementa_1587%2Fpageimg%2F2171_peucer_elementa_1587_p286.jpg,"148,287,461,448",2171,"Elementa doctrinae de circulis coelestibus, et primo motu",286,http://sphaera.mpiwg-berlin.mpg.de/id/part/b17ffe26-f7fa-41c8-8375-5088ba3ddcc5,Elements of the Sphere,309
7347,http://dev.sphaera.mpiwg-berlin.mpg.de/container/ImageRegions.Container/1ddacf11-e7cd-4901-8827-5cdc109a21a2,Content Illustration,SAC_SIL_02209,http://devmeta.sphaera.mpiwg-berlin.mpg.de/resource/:viewPage?pageiri=http%3A%2F%2Fcontent.mpiwg-berlin.mpg.de%2Fmpiwg%2Fonline%2Fpermanent%2Fsphaera%2F1819_clavius_works_vol_03_1611%2Fpageimg%2F1819_clavius_works_vol_03_1611_p623.jpg,"350,740,936,1019",1819,Christophori Clavii Bambergensis e Societate Iesu Operum Mathematicorum,623,http://sphaera.mpiwg-berlin.mpg.de/id/part/9583d6ac-b4d8-4c1c-b09a-bb79032d2ba5,On Astrolabes by Clavius,384
7369,http://dev.sphaera.mpiwg-berlin.mpg.de/container/ImageRegions.Container/74d02a9a-301f-4a95-8190-caeae476c20e,Content Illustration,SAC_SIL_02217,http://devmeta.sphaera.mpiwg-berlin.mpg.de/resource/:viewPage?pageiri=http%3A%2F%2Fcontent.mpiwg-berlin.mpg.de%2Fmpiwg%2Fonline%2Fpermanent%2Fsphaera%2F1819_clavius_works_vol_03_1611%2Fpageimg%2F1819_clavius_works_vol_03_1611_p660.jpg,"275,797,810,1037",1819,Christophori Clavii Bambergensis e Societate Iesu Operum Mathematicorum,660,http://sphaera.mpiwg-berlin.mpg.de/id/part/9583d6ac-b4d8-4c1c-b09a-bb79032d2ba5,On Astrolabes by Clavius,384
7370,http://dev.sphaera.mpiwg-berlin.mpg.de/container/ImageRegions.Container/9a74873a-8f14-4a25-9e17-898fc6566f62,Content Illustration,SAC_SIL_02217,http://devmeta.sphaera.mpiwg-berlin.mpg.de/resource/:viewPage?pageiri=http%3A%2F%2Fcontent.mpiwg-berlin.mpg.de%2Fmpiwg%2Fonline%2Fpermanent%2Fsphaera%2F1819_clavius_works_vol_03_1611%2Fpageimg%2F1819_clavius_works_vol_03_1611_p661.jpg,"437,518,814,1049",1819,Christophori Clavii Bambergensis e Societate Iesu Operum Mathematicorum,661,http://sphaera.mpiwg-berlin.mpg.de/id/part/9583d6ac-b4d8-4c1c-b09a-bb79032d2ba5,On Astrolabes by Clavius,384
7374,http://db.sphaera.mpiwg-berlin.mpg.de/container/ImageRegions.Container/ffb4b810-07bd-4d31-9c6c-6f525439c385,Content Illustration,SAC_SIL_02218,http://devmeta.sphaera.mpiwg-berlin.mpg.de/resource/:viewPage?pageiri=http%3A%2F%2Fcontent.mpiwg-berlin.mpg.de%2Fmpiwg%2Fonline%2Fpermanent%2Fsphaera%2F1650_sacrobosco_sphaera_1513%2Fpageimg%2F1650_sacrobosco_sphaera_1513_p87.jpg,"230,241,566,580",1650,Spherae Mundi,87,http://sphaera.mpiwg-berlin.mpg.de/id/part/1eaef0cc-5d5d-45fb-a33c-0fe5b62add79,Theoricae novae planetarum of Peurbach,104
7732,http://dev.sphaera.mpiwg-berlin.mpg.de/container/ImageRegions.Container/5aff62ee-3b17-4a1b-81ae-50c64cde3f30,Content Illustration,SAC_SIL_03003,http://devmeta.sphaera.mpiwg-berlin.mpg.de/resource/:viewPage?pageiri=http%3A%2F%2Fcontent.mpiwg-berlin.mpg.de%2Fmpiwg%2Fonline%2Fpermanent%2Fsphaera%2F2167_peucer_elementa_1569%2Fpageimg%2F2167_peucer_elementa_1569_p125.jpg,"170,503,725,668",2167,"Elementa doctrinae de circulis coelestibus, et primo motu",125,http://sphaera.mpiwg-berlin.mpg.de/id/part/b17ffe26-f7fa-41c8-8375-5088ba3ddcc5,Elements of the Sphere,309
7789,http://db.sphaera.mpiwg-berlin.mpg.de/container/ImageRegions.Container/dd0163d2-c8e3-4d5e-bdd6-c2e066b80496,Content Illustration,SAC_SIL_03115,http://devmeta.sphaera.mpiwg-berlin.mpg.de/resource/:viewPage?pageiri=http%3A%2F%2Fcontent.mpiwg-berlin.mpg.de%2Fmpiwg%2Fonline%2Fpermanent%2Fsphaera%2F1825_dailly_sphere_1498%2Fpageimg%2F1825_dailly_sphere_1498_p18.jpg,"417,610,458,680",1825,Uberrimum sphere mundi commentum,18,http://sphaera.mpiwg-berlin.mpg.de/id/part/b4666cbd-0aa7-4c11-b663-415ceb0eaf34,Poetry: Carmen ad autorem of Pedro de Lerma for Pedro Ciruelo,117
7790,http://db.sphaera.mpiwg-berlin.mpg.de/container/ImageRegions.Container/5bc49e26-093f-41ef-93b1-d891840f1a09,Content Illustration,SAC_SIL_03115,http://devmeta.sphaera.mpiwg-berlin.mpg.de/resource/:viewPage?pageiri=http%3A%2F%2Fcontent.mpiwg-berlin.mpg.de%2Fmpiwg%2Fonline%2Fpermanent%2Fsphaera%2F2153_ailly_sphere_1498%2Fpageimg%2F2153_ailly_sphere_1498_p8.jpg,"459,680,512,765",2153,Uberrimum sphere mundi comentum,8,http://sphaera.mpiwg-berlin.mpg.de/id/part/b4666cbd-0aa7-4c11-b663-415ceb0eaf34,Poetry: Carmen ad autorem of Pedro de Lerma for Pedro Ciruelo,117
7791,http://dev.sphaera.mpiwg-berlin.mpg.de/container/ImageRegions.Container/c4a72f89-100c-4fc6-9088-87c890b1e571,Content Illustration,SAC_SIL_03116,http://devmeta.sphaera.mpiwg-berlin.mpg.de/resource/:viewPage?pageiri=http%3A%2F%2Fcontent.mpiwg-berlin.mpg.de%2Fmpiwg%2Fonline%2Fpermanent%2Fsphaera%2F2258_giuntini_speculum_1581%2Fpageimg%2F2258_giuntini_speculum_1581_p14.jpg,"155,336,241,259",2258,Speculum astrologiae,14,http://sphaera.mpiwg-berlin.mpg.de/id/part/66e66e21-8347-45f3-b6be-7c43c178ec6e,Poetry: Distich on Giuntini,394
7792,http://dev.sphaera.mpiwg-berlin.mpg.de/container/ImageRegions.Container/c4a72f89-100c-4fc6-9088-87c890b1e571,Content Illustration,SAC_SIL_03116,http://devmeta.sphaera.mpiwg-berlin.mpg.de/resource/:viewPage?pageiri=http%3A%2F%2Fcontent.mpiwg-berlin.mpg.de%2Fmpiwg%2Fonline%2Fpermanent%2Fsphaera%2F2258_giuntini_speculum_1581%2Fpageimg%2F2258_giuntini_speculum_1581_p14.jpg,"155,336,241,259",2258,Speculum astrologiae,14,http://sphaera.mpiwg-berlin.mpg.de/id/part/013ee0ae-0a5e-4e5c-90b2-217a9145cd6c,Poetry: Octostichon by Johannes Chevignaeus of Beaunois,387
7954,http://www.researchspace.org/ontology/ImageRegion/78bd73aa-7d21-42f9-8452-e11e41b6f95d,Content Illustration,SAC_SIL_03612,http://devmeta.sphaera.mpiwg-berlin.mpg.de/resource/:viewPage?pageiri=http%3A%2F%2Fcontent.mpiwg-berlin.mpg.de%2Fmpiwg%2Fonline%2Fpermanent%2Fsphaera%2F2277_darinel_sphaera_1555%2Fpageimg%2F2277_darinel_sphaera_1555_p17.jpg,"252,1119,638,184",2277,La sphere des deux mondes,17,http://sphaera.mpiwg-berlin.mpg.de/id/part/ddb8c867-bdaf-4bcf-96ea-891a342e79b5,Poetry: Sonet of Jacques Bouloigne,917
7955,http://www.researchspace.org/ontology/ImageRegion/78bd73aa-7d21-42f9-8452-e11e41b6f95d,Content Illustration,SAC_SIL_03612,http://devmeta.sphaera.mpiwg-berlin.mpg.de/resource/:viewPage?pageiri=http%3A%2F%2Fcontent.mpiwg-berlin.mpg.de%2Fmpiwg%2Fonline%2Fpermanent%2Fsphaera%2F2277_darinel_sphaera_1555%2Fpageimg%2F2277_darinel_sphaera_1555_p17.jpg,"252,1119,638,184",2277,La sphere des deux mondes,17,http://sphaera.mpiwg-berlin.mpg.de/id/part/d3a3626e-e5a7-4cee-9696-175652369cef,Poetry: Ten-verses of Jacques Bouloigne to the reader,918
8096,http://dev.sphaera.mpiwg-berlin.mpg.de/container/ImageRegions.Container/e9d8b446-9c15-4c8c-a87c-5ac3459b3493,Content Illustration,SAC_SIL_03714,http://devmeta.sphaera.mpiwg-berlin.mpg.de/resource/:viewPage?pageiri=http%3A%2F%2Fcontent.mpiwg-berlin.mpg.de%2Fmpiwg%2Fonline%2Fpermanent%2Fsphaera%2F1819_clavius_works_vol_03_1611%2Fpageimg%2F1819_clavius_works_vol_03_1611_p659.jpg,"237,861,752,761",1819,Christophori Clavii Bambergensis e Societate Iesu Operum Mathematicorum,659,http://sphaera.mpiwg-berlin.mpg.de/id/part/9583d6ac-b4d8-4c1c-b09a-bb79032d2ba5,On Astrolabes by Clavius,384
